date,well_id,water_level,rainfall,temp,population,land_use,level_ma_3,rainfall_ma_7,level_diff
2023-01-01,W1,50.49671415301123,13.203947534354626,20.653399737914885,1000.0,53.02651326349002,50.53602078857815,12.05305237770337,0.0
2023-01-02,W1,50.06248493754541,5.598677938918857,18.835030601764416,1000.2008032128514,44.10321617481616,50.53602078857815,12.05305237770337,-0.4342292154658196
2023-01-03,W1,51.04886327517781,19.09730561326388,19.978185300730363,1000.4016064257028,40.448544968185075,50.53602078857815,12.05305237770337,0.9863783376323951
2023-01-04,W1,52.12398313321674,14.75793833391537,20.986257620640618,1000.6024096385543,57.24277594334657,51.07844378197999,12.05305237770337,1.0751198580389314
2023-01-05,W1,50.56560930823984,11.087081050228013,22.213109529754963,1000.8032128514056,80.39769794008976,51.2461519055448,12.05305237770337,-1.558373824976897
2023-01-06,W1,50.76314538652647,12.234414924687044,21.454069744125583,1001.004016064257,53.840149038078756,51.15091260932768,12.05305237770337,0.19753607828662467
2023-01-07,W1,52.77240654171044,8.392001248555799,22.526499472784465,1001.2048192771084,66.16551750805415,51.36705374549225,12.05305237770337,2.009261155183971
2023-01-08,W1,52.15461562176119,4.954619790023149,20.480219870809307,1001.4056224899598,73.7855766906525,51.896722516666024,10.874576985656017,-0.6177909199492504
2023-01-09,W1,51.10945662132682,7.119453573025232,21.252696124028898,1001.6064257028113,52.016810987873185,52.01215959493282,11.091830647671214,-1.0451590004343672
2023-01-10,W1,52.310694885924796,15.156922209287382,21.93151500213959,1001.8072289156627,42.68170566548643,51.858255709670935,10.528918732817427,1.2012382645979756
2023-01-11,W1,51.49106958348665,0.28786977259511737,18.92198527081326,1002.0080321285141,87.66653778624494,51.63707369691275,8.461766081200249,-0.8196253024381477
2023-01-12,W1,51.67195803237379,2.3214528101383247,22.880902662207557,1002.2088353413654,41.75060840278921,51.824574167261744,7.209533475473149,0.1808884488871385
2023-01-13,W1,52.559403202624765,0.920052840435055,19.63007967437868,1002.4096385542168,46.19428505755876,51.90747693949507,5.593196034865722,0.8874451702509774
2023-01-14,W1,50.58017658619889,0.8145760463794027,22.607870414720598,1002.6104417670683,99.03413133417772,51.60384594039915,4.510706720269094,-1.9792266164258763
2023-01-15,W1,50.94053379894605,17.109211680220145,22.416677241406937,1002.8112449799197,0.02375235758845795,51.3600378625899,6.247076990297237,0.3603572127471608
2023-01-16,W1,52.27086043441376,14.073157187600474,19.5080661521889,1003.0120481927711,18.547290957672246,51.2638569398529,7.2404632209508435,1.3303266354677135
2023-01-17,W1,51.983444269867974,9.483476581746505,19.67523518849867,1003.2128514056225,38.39638899197257,51.731612834409255,6.429970988445004,-0.2874161645457889
2023-01-18,W1,53.4688181745495,1.9566832130200296,23.512164976999113,1003.4136546184739,93.25899094252529,52.57437429294375,6.668372908505704,1.4853739046815235
2023-01-19,W1,52.39975496657579,9.832317502336647,23.408467589545374,1003.6144578313254,7.002970574747103,52.61733913699775,7.741353578819752,-1.0690632079737057
2023-01-20,W1,52.043349216491634,9.469435415611313,21.425547587778766,1003.8152610441767,0.9485433628498074,52.63730745253898,8.962693946702075,-0.3564057500841571
2023-01-21,W1,55.06360276771573,3.4640373982003037,21.53572953695442,1004.0160642570281,5.268383597722859,53.16890231692772,9.34118842553363,3.0202535512240942
2023-01-22,W1,53.508676501188035,8.67703298475946,23.039871301659122,1004.2168674698795,8.854341061361815,53.53854282846513,8.136591469039248,-1.5549262665276942
2023-01-23,W1,53.93245740493623,7.970094687947469,22.62257095394259,1004.4176706827309,3.759677320626087,54.16824555794667,7.264725397660248,0.4237809037481952
2023-01-24,W1,52.5644245941753,12.31700196104433,23.796081178137932,1004.6184738955824,47.97813268565048,53.335186166766526,7.669514737559936,-1.3680328107609299
2023-01-25,W1,53.56260045486383,12.701873017352876,23.325892100473418,1004.8192771084338,58.07572072273277,53.353160817991785,9.20454185246463,0.9981758606885336
2023-01-26,W1,54.329092998788816,0.9060801954408904,24.532154924285543,1005.0200803212851,27.168697106900407,53.48537268260932,7.929365094336663,0.7664925439249828
2023-01-27,W1,53.17156158478924,7.492252292529424,24.020137141586055,1005.2208835341365,39.828738397563555,53.687751679480634,7.646910362467823,-1.1575314139995783
2023-01-28,W1,54.795667119970325,12.517198314284727,23.869825659281936,1005.4216867469879,9.169933511143014,54.098773901182795,8.940219064765598,1.6241055351810871
2023-01-29,W1,53.909616441792856,10.062725171601754,22.89391611997549,1005.6224899598394,33.63704638284221,53.95894838218414,9.138175091457352,-0.8860506781774689
2023-01-30,W1,54.30157390197008,17.129796823766444,22.915641067070133,1005.8232931726908,52.25191916345231,54.335619154577756,10.446703968002922,0.391957460177224
2023-01-31,W1,54.06716617854304,13.1738726323789,23.381997571362206,1006.0240963855422,73.22718071846451,54.09278550743533,10.56911406390786,-0.23440772342704008
2023-02-01,W1,56.58922680783096,3.258688541628594,25.365307592192607,1006.2248995983936,0.3346362042979223,54.98598896278136,9.220087710232962,2.522060629287921
2023-02-02,W1,54.78388814147192,1.4113749480085969,23.206453779895607,1006.425702811245,46.73107665376526,55.146760375948645,9.292272674885492,-1.8053386663590416
2023-02-03,W1,53.792374626535526,12.848385564126312,23.95932124247312,1006.6265060240963,29.70028764548822,55.05516319194614,10.057434570827905,-0.9915135149363934
2023-02-04,W1,55.717509115759384,0.5302262108324363,21.537698055704844,1006.8273092369478,85.28218216919014,54.764590627922274,8.345009984620434,1.9251344892238578
2023-02-05,W1,53.71110528671254,11.715511625469265,24.539610065647885,1007.0281124497992,71.55533152342419,54.40699634300248,8.581122335172937,-2.006403829046846
2023-02-06,W1,55.16984370576236,18.80460482849915,26.199839888744968,1007.2289156626506,58.91085344708949,54.86615270274476,8.820380621563324,1.4587384190498227
2023-02-07,W1,53.02234078457253,11.50948355751758,23.085333472328216,1007.429718875502,27.726564569677357,53.96776325901581,8.58261075372599,-2.147502921189833
2023-02-08,W1,53.66682136533372,7.763398524130438,27.267184794901787,1007.6305220883534,91.03391020575343,53.95300195188954,9.226140751226255,0.64448058076119
2023-02-09,W1,55.19680990501549,12.865764368847064,24.34614847047546,1007.8313253012049,4.510067722032318,53.961990684973905,10.862482097060322,1.5299885396817743
2023-02-10,W1,55.73529328462406,9.165057809830333,21.659490653121694,1008.0321285140562,10.946759867911515,54.86630818499109,10.336292417875182,0.5384833796085715
2023-02-11,W1,55.15701483653763,10.9123357863187,23.91270288067054,1008.2329317269076,39.16301405403561,55.36303934205906,11.819450928658934,-0.5782784480864365
2023-02-12,W1,54.85077796869964,18.8292961755305,25.691762200080053,1008.433734939759,12.443755729685634,55.24769536328711,12.835705864381968,-0.3062368678379883
2023-02-13,W1,54.6380930920844,7.722052756015485,26.420946484344196,1008.6345381526104,95.6415697559425,54.88196196577389,11.252484139741444,-0.21268487661524205
2023-02-14,W1,53.42548008661616,19.223811276478283,25.197218195860263,1008.8353413654619,79.79893221433834,54.30478371580006,12.354530956735829,-1.212613005468235
2023-02-15,W1,54.141054667740576,18.107012839121275,26.10135256184888,1009.0361445783133,25.898265160181367,54.068209282147045,13.832190144591664,0.7155745811244145
2023-02-16,W1,54.34931792499594,3.915822695785929,23.407724428105134,1009.2369477911647,58.85542289732454,53.97195089311756,12.553627048440074,0.20826325725536066
2023-02-17,W1,55.80837991510264,1.387226017503309,23.954080595669257,1009.437751004016,98.23305150800816,54.76625083594639,11.442508220964784,1.4590619901067043
2023-02-18,W1,55.028514806054446,2.015560027548533,23.000764407069575,1009.6385542168674,88.4198978131503,55.06207088205101,10.17154025542619,-0.7798651090481954
2023-02-19,W1,52.8479400414374,0.36443651303099456,24.11806219926342,1009.8393574297189,60.079844644219804,54.561611587531495,7.533703160783403,-2.180574764617049
2023-02-20,W1,54.85371190114575,1.888859215118568,25.52493861221278,1010.0401606425703,90.37239671752705,54.24338891621253,6.700389797798129,2.0057718597083536
2023-02-21,W1,54.05588863450188,13.660135468327137,25.012537102102634,1010.2409638554217,98.91849098133589,53.91918019236167,5.90557896806225,-0.7978232666438672
2023-02-22,W1,53.66823011965987,1.4237729692045797,25.701535983722614,1010.4417670682731,74.33528228936241,54.19261021843584,3.52225898664558,-0.3876585148420162
2023-02-23,W1,54.85400235891495,6.379512605875226,23.92790090611361,1010.6425702811244,6.4986409482894025,54.19270703769223,3.874214688086908,1.1857722392550798
2023-02-24,W1,55.16365811124201,16.89750621938909,24.016520677915995,1010.843373493976,40.15802364254875,54.56196352993894,6.08996900264202,0.30965575232706044
2023-02-25,W1,54.947606651506874,0.4654387147165173,25.121171907291025,1011.0441767068273,83.78257352832455,54.98842237388794,5.868523100808874,-0.21605145973513373
2023-02-26,W1,53.05429998189078,16.289369651778717,24.33529948797386,1011.2449799196787,23.0569195805019,54.38852158154655,8.143513549201405,-1.893306669616095
2023-02-27,W1,53.45521718032328,5.637095495467999,26.258038043119782,1011.4457831325301,83.06425177506246,53.81904127124031,8.67897587496561,0.4009171984325022
2023-02-28,W1,53.96053429200631,2.363296552433125,24.343855943930915,1011.6465863453815,12.033876203499593,53.49001715140679,7.065141744123609,0.5053171116830271
2023-03-01,W1,54.463804510602294,13.934743307283012,24.487806305097926,1011.847389558233,4.694535714781301,53.95985199431063,8.852423220991955,0.5032702185959863
2023-03-02,W1,52.862448290591836,12.57885693559768,25.410782858013242,1012.0481927710844,38.40906114912496,53.76226236440015,9.738043839523735,-1.6013562200104587
2023-03-03,W1,53.003937794266,17.54944027054106,24.608224755101823,1012.2489959839357,3.6731937426613626,53.443396865153375,9.83117727540259,0.14148950367416546
2023-03-04,W1,51.92609230287731,14.701420876077716,23.764956116417363,1012.4497991967871,95.72702629833256,52.59749279591171,11.8648890127399,-1.0778454913886932
2023-03-05,W1,51.674160883242806,16.06961860769697,23.899748788516604,1012.6506024096385,82.62056957939659,52.20139699346203,11.833496006442507,-0.25193141963450216
2023-03-06,W1,53.51620463202406,5.64069145142613,25.532891722169044,1012.85140562249,80.07696871298751,52.372152606048054,11.83400971443653,1.8420437487812578
2023-03-07,W1,53.88887002464227,3.5487908755944564,23.629254979984815,1013.0522088353414,62.97779229961531,53.02641184663637,12.003366046316719,0.3726653926182095
2023-03-08,W1,52.28548678872321,15.012295032817168,26.374795791591605,1013.2530120481928,21.63240230365535,53.23018714846319,12.157302007107313,-1.6033832359190612
2023-03-09,W1,53.18209488041772,16.13669478534528,24.273727668373397,1013.4538152610442,51.82603666763922,53.11881723126107,12.665564557071255,0.8966080916945103
2023-03-10,W1,52.35774979906531,19.810102840013467,25.56367767573304,1013.6546184738955,59.7274072430341,52.60844382273541,12.98851635271017,-0.824345081352412
2023-03-11,W1,51.16532675718296,8.25235353822853,24.29723406902486,1013.855421686747,52.50315008602682,52.23505714555534,12.067221018731715,-1.1924230418823498
2023-03-12,W1,51.98325521959456,7.440361715855664,23.9894526919548,1014.0562248995984,26.02333679515273,51.83544392528094,10.834470034182957,0.8179284624116008
2023-03-13,W1,52.968693774007676,15.528259214839936,25.124722291784963,1014.2570281124498,51.52479243147259,52.039091916928406,12.246979714670642,0.9854385544131148
2023-03-14,W1,51.201321597602316,6.816070805060357,25.90122037506854,1014.4578313253012,49.118634086862656,52.051090197068184,12.71373399030863,-1.7673721764053596
2023-03-15,W1,52.6062866226419,18.615146512071295,24.569799796888628,1014.6586345381526,99.63357758067242,52.258767331417296,13.228427058773505,1.404965025039587
2023-03-16,W1,48.22471337644623,17.168255036860238,24.716353720876246,1014.8594377510041,89.74361480462039,50.67744053223015,13.375792808989928,-4.381573246195671
2023-03-17,W1,51.46781467383262,8.579880547500366,25.550867348685884,1015.0602409638554,46.33807482156199,50.766271557640245,11.771475338630912,3.2431012973863886
2023-03-18,W1,50.53337128961214,15.017421355829947,25.542575974323686,1015.2610441767068,62.29373829351187,50.075299779963665,12.737913598288257,-0.9344433842204793
2023-03-19,W1,49.94700915340846,15.090857481693646,24.619161924396675,1015.4618473895582,74.78716040922285,50.6493983722844,13.830841564836541,-0.5863621362036824
2023-03-20,W1,50.13707282182624,2.062477376718652,24.16681312270278,1015.6626506024096,3.486516023382491,50.205817754948946,11.90715844510493,0.19006366841777833
2023-03-21,W1,47.85696559916326,18.051058133591333,24.642652950563335,1015.8634538152611,89.49214412278398,49.31368252479931,13.512156634895067,-2.280107222662977
2023-03-22,W1,49.42433580743984,10.105047448957142,24.315886104529447,1016.0642570281125,86.01268164179238,49.139458076143114,12.296428197307334,1.5673702082765786
2023-03-23,W1,49.801167543009875,16.529149322154833,24.763702853703837,1016.2650602409639,45.74320977737073,49.027489649870994,12.205127380920848,0.37683173557003613
2023-03-24,W1,50.722892843015934,6.400992020612235,23.197555581503753,1016.4658634538152,39.11697660803798,49.98279873115522,11.8938575913654,0.9217253000060595
2023-03-25,W1,48.528889967348924,17.91046456992401,24.60730859828094,1016.6666666666666,27.295937485631494,49.68431678445825,12.307149479093123,-2.1940028756670102
2023-03-26,W1,48.04236457715398,7.784033574683262,23.547367601465638,1016.8674698795181,47.66768283303684,49.09804912917294,11.263317492377354,-0.48652539019494156
2023-03-27,W1,48.15465230644278,0.2167530296059672,25.104386655416093,1017.0682730923695,4.437666353323677,48.241968950315226,10.99964258564697,0.11228772928879494
2023-03-28,W1,49.37952939320131,18.107639528385274,23.45618601712499,1017.2690763052209,85.21935333470077,48.52551542559936,11.007725642046106,1.2248770867585321
2023-03-29,W1,48.60307315181796,1.8257335357226712,23.40107018890203,1017.4698795180723,3.542236841854507,48.71241828382068,9.824966511584037,-0.7764562413833502
2023-03-30,W1,47.55753953762893,6.386272751808297,24.42652228160296,1017.6706827309237,32.9051365369871,48.51338069421606,8.375984144391674,-1.0455336141890328
2023-03-31,W1,48.416629409791916,19.0012393410161,23.917744047425746,1017.871485943775,93.158948831899,48.19241403307961,10.17601947587794,0.8590898721629898
2023-04-01,W1,47.8198829265111,19.012142938751122,26.100107089484712,1018.0722891566265,73.52126545234528,47.93135062464398,10.333402099996098,-0.5967464832808176
2023-04-02,W1,48.514566109867964,11.468757762465723,22.111641745267576,1018.2730923694779,28.139096057752678,48.250359482057,10.859791269679308,0.6946831833568652
2023-04-03,W1,46.670941363562726,12.636744243395984,23.76590431897498,1018.4738955823293,25.26490939608851,47.66846346664727,12.634075728792167,-1.8436247463052382
2023-04-04,W1,46.87664211686734,8.968910439566395,24.698480048408065,1018.6746987951807,0.5082139818025966,47.35404986343267,11.328543001818044,0.2057007533046118
2023-04-05,W1,46.64801442428081,5.864215433961291,22.901023541032306,1018.8755020080321,69.57142928497501,46.73186596823695,11.905468987280702,-0.22862769258652804
2023-04-06,W1,45.417199220461995,6.573290907398319,22.477071209521572,1019.0763052208836,4.878358167317309,46.31395192053672,11.932185866650707,-1.230815203818814
2023-04-07,W1,47.02245638570816,13.450369121540769,22.42289907786264,1019.277108433735,53.26025194007621,46.362556676816986,11.139204406725659,1.6052571652461651
2023-04-08,W1,46.83829262913173,15.0474905887536,21.585840062540118,1019.4779116465863,96.21219725920498,46.42598274510063,10.572825499583157,-0.18416375657643158
2023-04-09,W1,46.43877181582017,15.83158087451697,24.44950733137189,1019.6787148594377,10.94688600544539,46.766506943553345,11.196085944161906,-0.3995208133115611
2023-04-10,W1,46.06124352611608,15.792362855891078,22.670213165437072,1019.8795180722891,89.44799309680674,46.446102657022664,11.646888603089776,-0.37752828970408814
2023-04-11,W1,44.74860578512112,1.8241220609738074,22.449921164695958,1020.0803212851406,99.14753351450481,45.74954037568579,10.62620454900512,-1.3126377409949583
2023-04-12,W1,45.61766327539661,9.888406094051629,20.670122890357874,1020.281124497992,6.151702623923505,45.47583752887794,11.201088929018026,0.8690574902754875
2023-04-13,W1,45.576315015633725,1.1511752003328857,21.255005959033177,1020.4819277108434,88.29062691374612,45.314194692050485,10.42650097086582,-0.041348259762884254
2023-04-14,W1,45.00405441657683,10.99057764647471,24.046885936869298,1020.6827309236947,51.607902044361666,45.39934423586905,10.075102188713526,-0.5722605990568965
2023-04-15,W1,45.539111090768564,8.83061002746754,22.775739846772453,1020.8835341365461,90.651371944458,45.373160174326365,9.186976394244088,0.5350566741917362
2023-04-16,W1,46.00544657587927,17.754083655165996,23.52869867232346,1021.0843373493976,57.131894191957414,45.51620402774156,9.46161964862252,0.46633548511070444
2023-04-17,W1,47.395673992030346,7.018300251041573,23.29024992168577,1021.285140562249,66.21120101065647,46.31341055289273,8.208182133644021,1.3902274161510775
2023-04-18,W1,45.59939994632806,2.3413403285521173,21.136264091415903,1021.4859437751004,54.37789079973992,46.333506838079224,8.28207045758378,-1.7962740457022832
2023-04-19,W1,45.6050847752569,2.859833641056717,24.451998426633352,1021.6867469879518,86.44928803073485,46.20005290453844,7.2779886785845065,0.005684828928835373
2023-04-20,W1,45.20330356706282,15.230212634349446,23.855862106888587,1021.8875502008032,73.39099189537018,45.4692627628826,9.289279740586872,-0.40178120819408036
2023-04-21,W1,43.29680875243217,12.364361266325222,21.225128241014787,1022.0883534136547,52.12603121804149,44.70173236491729,9.48553454342266,-1.9064948146306477
2023-04-22,W1,45.134612222109304,2.022453522455805,18.102315558127067,1022.289156626506,86.8160804051547,44.544908180534755,8.512940756992412,1.8378034696771337
2023-04-23,W1,45.1747058978543,1.6821361222999487,21.19455131355181,1022.4899598393574,24.528553225533457,44.53537562413192,6.2169482522972634,0.040093675744998336
2023-04-24,W1,47.53894608255101,14.019382629182399,21.668954629664295,1022.6907630522088,15.734065970252598,45.94942140083821,7.217102877745951,2.3642401846967047
2023-04-25,W1,44.85251250485039,1.4552601272838706,20.74160339002834,1022.8915662650602,16.04001053300721,45.8553881617519,7.0905199918504875,-2.686433577700619
2023-04-26,W1,45.32358124807271,16.437201185807126,20.965630733749506,1023.0923694779117,33.40088787452379,45.90501327849137,9.030143926814832,0.4710687432223253
2023-04-27,W1,44.972510341144456,44.124844543129925,20.23556933404021,1023.2931726907631,23.869003130101753,45.04953469802252,13.157948485212044,-0.35107090692825693
2023-04-28,W1,43.83178393373949,1.6269756128379953,21.862259030197016,1023.4939759036145,93.00903505097386,44.70929184098555,11.624036248999584,-1.1407264074049692
2023-04-29,W1,46.144587203591605,1.6967542817038384,20.88005559383612,1023.6947791164658,10.583409382858399,44.982960492825185,11.577507786035016,2.312803269852118
2023-04-30,W1,45.76306029633164,19.732791570023508,21.64321463815429,1023.8955823293172,69.89907380395877,45.24647714455424,14.156172849995524,-0.38152690725996763
2023-05-01,W1,45.81956744296947,7.485415915122406,21.788741734214288,1024.0963855421687,18.92215397850059,45.9090716476309,13.22274903370124,0.05650714663783418
2023-05-02,W1,44.14457355755895,7.412842941337818,18.266691919108233,1024.29718875502,88.16371327703501,45.24240043228668,14.073832292851804,-1.6749938854105224
2023-05-03,W1,46.490157121138196,16.25599134515005,19.544689570955676,1024.4979919678715,96.13152881849074,45.48476604055554,14.047945172757936,2.345583563579247
2023-05-04,W1,43.726835960921264,18.944971547677174,19.56517808994781,1024.698795180723,46.547000876998354,44.78718887987281,10.450820459121829,-2.7633211602169325
2023-05-05,W1,45.764724104763886,49.720021276457416,22.634454875861305,1024.8995983935743,87.90714802281316,45.32723906227445,17.321255553924605,2.037888143842622
2023-05-06,W1,47.42527908714229,15.067563705178832,20.08592285072781,1025.1004016064257,0.5145170754714767,45.63894638427581,19.231371185849603,1.6605549823784074
2023-05-07,W1,44.3089281982745,7.525191710618316,20.623353212774713,1025.301204819277,81.99469174081001,45.83297713006022,17.487428348791717,-3.1163508888677924
2023-05-08,W1,44.80538822349574,1.6700143339733753,17.804096448935717,1025.5020080321285,22.86251615249235,45.51319850297085,16.656656694341855,0.4964600252212392
2023-05-09,W1,45.55102264685716,15.542938318548735,19.70219996930264,1025.70281124498,90.87013092693678,44.88844635620914,17.818098891086272,0.7456344233614232
2023-05-10,W1,45.03491634992464,11.1680849947161,20.411754594109908,1025.9036144578313,0.11201114801094869,45.13044240675919,17.091255126738567,-0.5161062969325201
2023-05-11,W1,44.08194435396989,8.484440184939526,20.170264509848824,1026.1044176706828,55.6181735039757,44.88929445025057,15.596893503490332,-0.9529719959547549
2023-05-12,W1,45.80242966149803,18.12708770189472,19.80697708544879,1026.305220883534,75.66358037849346,44.97309678846418,11.083617278552802,1.7204853075281434
2023-05-13,W1,44.77970169905757,2.223949646123027,19.072376194651955,1026.5060240963855,25.868833069790796,44.88802523817517,9.248815270116259,-1.022727962440463
2023-05-14,W1,46.43044200290035,9.852502085817182,18.997341250247445,1026.706827309237,19.313286458729305,45.67085778781865,9.581288180858953,1.650740303842781
2023-05-15,W1,45.1587897262697,0.22707289534838138,17.11958099485599,1026.9076305220883,8.409822446798465,45.45631114274254,9.375153689626814,-1.2716522766306468
2023-05-16,W1,47.755837262968186,39.37321283988253,17.790144690008827,1027.1084337349398,32.6433576503293,46.44835633071275,12.779478621245927,2.597047536698483
2023-05-17,W1,45.556457053436546,1.126065513636747,18.80028558884532,1027.309236947791,55.98443123088295,46.157028014224814,11.34490440966316,-2.1993802095316397
2023-05-18,W1,46.15735912172173,2.3763583253614384,17.73294078957791,1027.5100401606426,11.584385678025766,46.48988447937549,10.472321286866292,0.6009020682851869
2023-05-19,W1,47.438325646522685,2.3505249355420976,19.018317389545835,1027.710843373494,37.66953619867988,46.38404727389366,8.218526605958774,1.2809665248009523
2023-05-20,W1,45.54477494187594,12.984206042321272,18.677887867127044,1027.9116465863453,0.9072404652724964,46.38015323670678,9.755706091129952,-1.8935507046467421
2023-05-21,W1,47.15912982109053,44.92089758530847,19.461240743434637,1028.1124497991968,81.86794204998418,46.71407680316306,14.765476876771563,1.6143548792145879
2023-05-22,W1,48.39979144354314,11.667375301943192,18.936103128173187,1028.313253012048,12.844871809319136,47.03456540216987,16.39980579199939,1.2406616224526061
2023-05-23,W1,45.65083282792429,19.243450969490837,18.090377037145725,1028.5140562248996,28.33429482655816,47.06991803085265,13.52412552480058,-2.7489586156188466
2023-05-24,W1,47.61303869947378,7.497411590474082,18.497722952205976,1028.714859437751,1.842771873821747,47.22122099031373,14.434317821491629,1.962205871549493
2023-05-25,W1,47.86252352343233,5.714241725637215,18.642904319901305,1028.9156626506024,43.22407838925123,47.04213168361014,14.91115830724531,0.24948482395854654
2023-05-26,W1,48.562565615665505,17.371982563789206,17.019928533420146,1029.1164658634539,84.01215027412188,48.012709279523875,17.057080825566324,0.7000420922331756
2023-05-27,W1,46.7254729561025,4.471916770389052,17.089172820329996,1029.3172690763051,39.21512114451966,47.71685403173345,15.841039501004582,-1.8370926595630053
2023-05-28,W1,46.82693389573898,19.264450788812226,17.214459431111532,1029.5180722891566,17.94973234238334,47.371657489168996,12.17583281579083,0.10146093963648184
2023-05-29,W1,48.85728654632417,0.24308949379632683,16.730248491147606,1029.7188755020081,75.36988340505192,47.46989779938855,10.543791986055567,2.0303526505851863
2023-05-30,W1,48.82296864912405,49.397576534152776,18.1177386405673,1029.9196787148594,78.88069818707443,48.16906303039573,14.8515242095787,-0.03431789720011835
2023-05-31,W1,48.96949290875365,0.8631982390115223,16.37285895107922,1030.120481927711,17.37534753075668,48.88324936806729,13.903779445084046,0.1465242596296008
2023-06-01,W1,49.26053016835396,17.822862273961423,18.15184876733863,1030.3212851405622,77.08541085409898,49.017663908743884,15.633582380558936,0.2910372596003086
2023-06-02,W1,48.43089035479617,40.554022181726,16.435225558929414,1030.5220883534137,94.7297888256338,48.88697114396793,18.945302325978478,-0.8296398135577903
2023-06-03,W1,49.54143568313947,19.859295922386007,17.17863291733039,1030.7228915662652,16.637758693227234,49.077618735429866,21.143499347692323,1.1105453283432993
2023-06-04,W1,49.801635423764935,1.4759312947079772,16.778786094501434,1030.9236947791164,77.09842925321355,49.25798715390019,18.602282277106006,0.2601997406254668
2023-06-05,W1,48.99438501801732,11.077085688026415,15.54468272774873,1031.124497991968,70.85720046026293,49.445818708307236,20.149996019138875,-0.8072504057476166
2023-06-06,W1,51.77515414199373,19.38605071238198,16.41127970707352,1031.3253012048192,47.35738884350885,50.19039152792533,15.862635187457334,2.7807691239764125
2023-06-07,W1,50.58400188645064,10.461956883402976,16.677592159430365,1031.5261044176707,5.79204605587983,50.451180348820564,17.2338864223704,-1.1911522555430878
2023-06-08,W1,49.1194771378934,42.58797276270525,16.194762957067674,1031.7269076305222,7.469441775785402,50.49287772211259,20.771759349333802,-1.4645247485572455
2023-06-09,W1,51.16744472965063,13.914973779692343,14.833837978407844,1031.9277108433735,85.24146591986477,50.29030791799823,16.96618100618614,2.047967591757235
2023-06-10,W1,49.73549604280908,9.090821295355465,17.797897084916624,1032.128514056225,99.0148372750647,50.00747263678437,15.427827488038917,-1.431948686841551
2023-06-11,W1,51.69540363329369,12.551161601681269,16.106576025670517,1032.3293172690762,67.60522571867544,50.8661148019178,17.01000324617796,1.9599075904846046
2023-06-12,W1,52.26359111490558,11.686286238462005,15.149517468743516,1032.5301204819277,44.59583070103215,51.231496930336114,17.097031896240185,0.5681874816118935
2023-06-13,W1,50.479207741303824,18.02316020981978,17.492114156971773,1032.7309236947792,64.75736434019076,51.47940082983437,16.902333253017016,-1.7843833736017558
2023-06-14,W1,52.45606443137874,0.9089276068291574,16.418890765794735,1032.9317269076305,59.43958592285453,51.73295442919605,15.537614784935041,1.9768566900749178
2023-06-15,W1,52.09586027217236,5.619263791844606,14.534158985962009,1033.132530120482,38.36122604056218,51.67704414828498,10.256370646240663,-0.3602041592063827
2023-06-16,W1,52.692816312850596,19.008229681531176,14.62537823467793,1033.3333333333333,6.562614457401295,52.4149136721339,10.983978632217639,0.5969560406782364
2023-06-17,W1,53.9522090486855,17.805275677818326,15.385779271762653,1033.5341365461848,82.15129474074409,52.91362854456949,12.228900686855189,1.2593927358349077
2023-06-18,W1,51.991373175022105,9.11313505571426,15.846578276962841,1033.7349397590363,37.18335292387246,52.87879951218607,11.737754037431332,-1.9608358736633988
2023-06-19,W1,51.66076321520815,12.402651956030734,16.116002235546137,1033.9357429718875,81.87856433570937,52.53478181297192,11.840091997084008,-0.33060995981395536
2023-06-20,W1,51.69882927084355,5.547623659622653,16.390181488410267,1034.136546184739,25.25087496883822,51.78365522035793,10.05787248991299,0.03806605563539733
2023-06-21,W1,51.942203616910405,3.762423194475226,15.929279391212077,1034.3373493975903,0.10294798456333965,51.76726536765403,10.46551471671957,0.24337434606685804
2023-06-22,W1,52.84613465394981,9.273968098799642,16.68909233422458,1034.5381526104418,15.893828327675653,52.162389180567914,10.987615331998862,0.9039310370394062
2023-06-23,W1,53.424896612022124,7.067044560521056,15.424744435608341,1034.7389558232933,46.85394167685843,52.73774496096078,9.28173174328313,0.5787619580723131
2023-06-24,W1,53.51597067738668,11.673122237017441,14.496910631918695,1034.9397590361446,94.43036349578298,53.262333981119546,8.405709823168717,0.09107406536455898
2023-06-25,W1,54.216774509423196,1.5546927392996968,15.214818055707324,1035.140562248996,10.2193619693719,53.719213932944,7.325932349395209,0.7008038320365131
2023-06-26,W1,53.547438274854606,19.48789615332333,15.113851791905478,1035.3413654618473,85.4209774461566,53.76006115388816,8.33811009186558,-0.6693362345685898
2023-06-27,W1,55.12711573698311,19.72421488959206,12.572347662284871,1035.5421686746988,52.702409621186206,54.297109507086965,10.363337410432639,1.579677462128501
2023-06-28,W1,53.54214586361281,13.963234280394904,14.560014531409562,1035.74297188755,82.59207657998967,54.07223329181684,11.820596136992592,-1.584969873370298
2023-06-29,W1,56.65405382034474,10.721927326882408,15.409509660999285,1035.9437751004016,29.837443098999263,55.10777180698022,12.02744745529013,3.111907956731933
2023-06-30,W1,54.68028993825905,6.190552325726555,14.648137741733718,1036.144578313253,83.99471646724719,54.9588298740722,11.902234278890916,-1.9737638820856915
2023-07-01,W1,53.31166424135679,16.275900394138972,14.406328779412023,1036.3453815261043,77.28227800168045,54.882002666653534,12.559774015622564,-1.3686256969022637
2023-07-02,W1,53.20540561298698,13.694623451077586,15.947249243129418,1036.5461847389558,23.005368303143392,53.732453264200934,14.294049831590835,-0.10625862836980815
2023-07-03,W1,54.8593506227634,3.252338786897826,14.105822811181765,1036.7469879518071,13.133512640937806,53.79214015903572,11.974684493530047,1.6539450097764217
2023-07-04,W1,54.24693710032072,18.21854368987685,15.72365615592395,1036.9477911646586,86.80543225322928,54.10389777869037,11.759588607856445,-0.6124135224426794
2023-07-05,W1,55.27071282080847,16.45074485846338,13.672129765449625,1037.14859437751,96.3236653440132,54.79233351463086,12.114947261866229,1.0237757204877482
2023-07-06,W1,55.10891396264377,18.99599826583848,17.761657322377495,1037.3493975903614,3.130231374751624,54.87552129459099,13.29695739600281,-0.1617988581647012
2023-07-07,W1,54.63433566491378,14.5143901677672,14.784413963143965,1037.5502008032129,73.12700669736856,55.00465414945534,14.486077087722903,-0.47457829772999105
2023-07-08,W1,53.92426804089333,12.268303918715798,14.67922176387463,1037.7510040160641,90.95245109478184,54.55583922281696,13.91356330551959,-0.7100676240204464
2023-07-09,W1,53.3124176131008,8.364860725812377,16.151122458745164,1037.9518072289156,85.73600920924986,53.95700710630263,13.152168630481702,-0.6118504277925325
2023-07-10,W1,54.429168225496475,18.654569667080267,14.598099611164379,1038.1526104417671,96.45204722702086,53.888617959830206,15.352487327650623,1.116750612395677
2023-07-11,W1,55.77263749027446,17.321277790008168,16.483652980017272,1038.3534136546184,76.00940784380971,54.504741109623914,15.22430648481224,1.343469264777987
2023-07-12,W1,55.162959734799124,0.9043734021237881,15.41540495552684,1038.55421686747,44.22987623809102,55.12158848352336,13.003396276763727,-0.6096777554753388
2023-07-13,W1,53.72777366625778,0.5273394899450401,14.943654806174594,1038.7550200803212,31.195199049513043,54.887790297110456,10.365016451636093,-1.4351860685413413
2023-07-14,W1,55.16331923834283,7.5292673375609915,14.858432398863512,1038.9558232931727,32.07427404381274,54.684684213133245,9.367141761606634,1.4355455720850472
2023-07-15,W1,55.38403416108451,16.211066615636657,16.315546465702397,1039.1566265060242,72.4422672614117,54.758375688561706,9.930393575452472,0.2207149227416778
2023-07-16,W1,54.11537658120332,19.74552258629889,15.366072290993154,1039.3574297188754,74.58370120309642,54.88757666021022,11.55620241266483,-1.2686575798811859
2023-07-17,W1,55.14541429245741,3.0083378220705637,15.598621784131335,1039.558232931727,20.035914354871267,54.88160834491507,9.321026434806301,1.0300377112540886
2023-07-18,W1,55.03430317437428,11.882614307042703,15.741120532884013,1039.7590361445782,86.8122813490531,54.765031349345,8.544074508668377,-0.11111111808313012
2023-07-19,W1,53.80950467682815,7.617817132620431,15.36991655944558,1039.9598393574297,71.49240402022477,54.66307404788662,9.503137898739327,-1.2247984975461321
2023-07-20,W1,55.27865619325473,19.398287956292066,15.79674695109466,1040.1606425702812,56.27502863433826,54.707488014819056,12.198987679646043,1.4691515164265851
2023-07-21,W1,55.44211152701411,16.842378462714173,15.201452888247644,1040.3614457831325,47.15324601025127,54.84342413236566,13.5294321260965,0.16345533375938004
2023-07-22,W1,55.916964488601,16.766574094222758,15.315849185310261,1040.562248995984,54.32328057899581,55.545910736289954,13.608790337323084,0.4748529615868904
2023-07-23,W1,55.832506081568376,9.373863195899405,14.2953751023758,1040.7630522088352,15.924573827926448,55.73052736572783,12.127124710123157,-0.08445840703262775
2023-07-24,W1,53.33811901873054,8.296390046753304,15.764002109948484,1040.9638554216867,20.37012492762742,55.02919652963331,12.882560742220692,-2.4943870628378377
2023-07-25,W1,53.707442738541495,5.468141438614125,13.801339345679203,1041.1646586345382,9.116449040619168,54.29268927961348,11.966207475302324,0.36932371981095713
2023-07-26,W1,55.08229119784435,1.1275099330185423,15.86192879251652,1041.3654618473895,15.365803816111267,54.04261765170546,11.039020732502054,1.3748484593028536
2023-07-27,W1,54.995664600758055,17.294447525101063,15.358060347024217,1041.566265060241,45.36936346052827,54.59513284571464,10.738472099474768,-0.08662659708629405
2023-07-28,W1,54.90432130695654,16.258020182601552,16.07634398881253,1041.7670682730923,53.03543937282561,54.99409236851965,10.654992345172966,-0.09134329380151485
2023-07-29,W1,58.14232167417168,19.99435346572261,14.71874977141228,1041.9678714859438,1.7861892478319374,56.01410252729543,11.116103683958658,3.238000367215143
2023-07-30,W1,54.753879604674225,19.93273674147811,13.716734766142551,1042.1686746987953,79.67978278640275,55.93350752860081,12.6245141904699,-3.388442069497458
2023-07-31,W1,55.205207903583585,11.108634112052549,15.55639203525143,1042.3694779116465,29.416797334347788,56.033803060809824,13.02626334265551,0.45132829890935966
2023-08-01,W1,54.90373424522587,15.37974830361021,14.935115749551759,1042.570281124498,91.18360349599111,54.95427391782789,14.442207180512094,-0.30147365835771467
2023-08-02,W1,54.47484437403743,18.89531459764856,14.276801709137684,1042.7710843373493,96.75112636137777,54.861262174282295,16.980464989744952,-0.4288898711884386
2023-08-03,W1,53.37573858748648,16.99294781354823,16.90418193409077,1042.9718875502008,18.545887467665434,54.251439068916596,16.93739360238026,-1.0991057865509504
2023-08-04,W1,54.31157941969243,4.946962034863953,17.818737263729883,1043.1726907630523,46.20972907656606,54.05405412707211,15.321528152703461,0.9358408322059475
2023-08-05,W1,52.63565819779899,9.01088270620187,15.504256308826344,1043.3734939759036,0.12318351664258875,53.44099206832596,13.752460901343357,-1.6759212218934394
2023-08-06,W1,53.02204129236685,32.5831883030299,16.311500663493153,1043.574297188755,59.832726512242694,53.32309296995276,15.559668267279326,0.38638309456786146
2023-08-07,W1,52.61861740360197,19.081020545174447,16.167849861064788,1043.7751004016063,60.730644826267124,52.7587722979226,16.69858061486817,-0.403423888764884
2023-08-08,W1,53.025970475847785,12.123492689017601,15.90734502195629,1043.9759036144578,24.753995560337515,52.88887639060553,16.233401241354937,0.40735307224581874
2023-08-09,W1,55.09412246046541,4.572856110069255,17.322774912656037,1044.1767068273093,55.841267258319796,53.579570113305046,14.187335743129324,2.0681519846176215
2023-08-10,W1,50.74308392705844,43.43401368811713,17.764100620149453,1044.3775100401606,22.554014244373544,52.95439228779054,17.964630868067736,-4.351038533406964
2023-08-11,W1,53.123284929117304,12.362564809157917,15.982340200593038,1044.578313253012,16.082546907819008,52.98683043888038,19.024002692966878,2.380201002058861
2023-08-12,W1,50.64705439325283,7.1632543606568095,16.99470750342257,1044.7791164658634,65.15194668022647,51.50447441647619,18.76005578646044,-2.476230535864474
2023-08-13,W1,51.60693968223871,2.2711518439925804,18.335408903604883,1044.9799196787149,32.59254639520749,51.79242633486962,14.42976486374082,0.9598852889858804
2023-08-14,W1,52.98357091467118,13.431463911855992,17.84272502717464,1045.1807228915663,59.02639388856225,51.74585499672091,13.622685344695329,1.376631232432473
2023-08-15,W1,51.77159372723554,10.406154018075867,18.09601147611167,1045.3815261044176,43.32467489716556,52.12070144138181,13.37735124884651,-1.211977187435643
2023-08-16,W1,50.43950900336742,15.446367834712786,18.732670203011455,1045.5823293172691,98.4351407402904,51.73155788175805,14.93071006665273,-1.332084723868121
2023-08-17,W1,50.60944333003946,10.403270022239868,18.827578843090343,1045.7831325301204,14.958064266756576,50.94018202021414,10.212032400098833,0.1699343266720419
2023-08-18,W1,51.80970167909057,17.0436300063708,18.611034198304576,1045.9839357429719,46.459859663581014,50.95288467083248,10.880755999700673,1.2002583490511114
2023-08-19,W1,50.20327171539145,11.038136775489711,17.838526182514155,1046.1847389558234,68.04566263593253,50.874138908173826,11.43431063039109,-1.6064299636991208
2023-08-20,W1,50.95212571201351,11.218759430707726,17.42377145268308,1046.3855421686746,39.55450838799687,50.98836636883184,12.71254028563611,0.74885399662206
2023-08-21,W1,50.58208135639129,17.5330720531669,18.023794705766576,1046.5863453815261,97.46998518706899,50.57915959459876,13.298484305823381,-0.3700443556222197
2023-08-22,W1,49.684886355263494,8.069657324247942,17.501296868544962,1046.7871485943774,72.18876279269351,50.406364474556106,12.964699063847965,-0.8971950011277983
2023-08-23,W1,52.2798653397814,2.6803045690128147,16.19985397228553,1046.987951807229,65.69838575644931,50.848944350478725,11.14097574017654,2.5949789845179083
2023-08-24,W1,50.56905562553698,0.5756535262667795,17.990655483335665,1047.1887550200804,75.70592676112233,50.84460244019397,9.737030526466098,-1.7108097142444194
2023-08-25,W1,47.709313971958395,15.10274511347238,18.746595897395025,1047.3895582329317,95.2648638038717,50.18607831242559,9.459761256052037,-2.8597416535785882
2023-08-26,W1,49.720659060186094,12.406191027069294,17.92174102700049,1047.5903614457832,90.78186529846401,49.3330095525605,9.655197577706264,2.0113450882276993
2023-08-27,W1,48.672917637030174,14.081595361984471,18.43712076866836,1047.7911646586344,72.42853081264118,48.70096355639155,10.064174139317227,-1.0477414231559194
2023-08-28,W1,49.988709689354096,4.259283230178214,18.597626299720233,1047.991967871486,74.9161639101283,49.46076212885679,8.167918593175987,1.3157920523239213
2023-08-29,W1,48.14672076184052,2.7274295117353953,20.23107707160542,1048.1927710843374,14.592207403514546,48.93611602940826,7.404743191388481,-1.841988927513576
2023-08-30,W1,48.62918084779294,0.29089331335763857,18.63805709419384,1048.3935742971887,10.279240449266569,48.92153709966252,7.063398726294884,0.4824600859524182
2023-08-31,W1,49.0556059921267,7.0117511761319395,20.478040121197196,1048.5943775100402,57.09045018441643,48.610502533920055,7.982841247704193,0.4264251443337628
2023-09-01,W1,49.22541269106979,41.79835373709266,16.533388022345157,1048.7951807228915,1.836763694054,48.97006651032981,11.796499622507088,0.1698066989430913
2023-09-02,W1,46.97104518906381,7.844880901994646,20.718686223332185,1048.995983935743,48.23563815515916,48.41735462408676,11.144883890353567,-2.2543675020059837
2023-09-03,W1,47.651473464568845,8.749498440474582,20.79358907983728,1049.1967871485945,21.03495799188686,47.949310448234144,10.383155758709297,0.6804282755050366
2023-09-04,W1,47.32891043246935,18.083173889874967,20.524110943966907,1049.3975903614457,34.601656764483955,47.31714302870066,12.35799728152312,-0.3225630320994952
2023-09-05,W1,46.97194918924482,6.965109340466007,17.73585233883483,1049.5983935742972,77.5804735792956,47.31744436209434,12.963380114198921,-0.35696124322453215
2023-09-06,W1,49.2159849598383,10.279789783196216,20.892732004509355,1049.7991967871485,94.12375042323865,47.838948193850825,14.39036532417586,2.2440357705934844
2023-09-07,W1,47.68487615651411,15.673060254822861,19.94988082432475,1050.0,7.24162721463415,47.957603435199076,15.627695192560278,-1.5311088033241944
2023-01-01,W2,51.02314120468723,11.940938337913833,19.831203213297854,1000.0,50.21536099619869,50.11042635116832,9.265211459937843,0.0
2023-01-02,W2,50.29233497741036,13.516824901747519,20.237111086781166,1000.2008032128514,13.8871326396517,50.11042635116832,9.265211459937843,-0.7308062272768652
2023-01-03,W2,49.01580287140738,8.854339335590542,21.039199223516388,1000.4016064257028,11.573760667870536,50.11042635116832,9.265211459937843,-1.276532106002982
2023-01-04,W2,49.493633763462405,8.915818291544578,19.4870107208208,1000.6024096385543,15.432156528307939,49.60059053742672,9.265211459937843,0.4778308920550245
2023-01-05,W2,51.71906555267093,14.490337027972362,19.440707998375878,1000.8032128514056,17.18484813270945,50.0761673958469,9.265211459937843,2.2254317892085282
2023-01-06,W2,51.54980642873403,0.3164218353116488,20.76725671113048,1001.004016064257,63.78770926636339,50.92083524828913,9.265211459937843,-0.16925912393690368
2023-01-07,W2,51.294957799190676,6.821800489484411,20.495720765599703,1001.2048192771084,74.09812502745785,51.52127659353187,9.265211459937843,-0.2548486295433534
2023-01-08,W2,51.11314907836033,46.37414114238466,21.805314258757782,1001.4056224899598,52.999152292641874,51.31930443542834,14.184240432005103,-0.18180872083034672
2023-01-09,W2,51.78949898489036,12.064388204267445,21.489865434971637,1001.6064257028113,82.9017732545491,51.399201954147124,13.976749475222237,0.676349906530028
2023-01-10,W2,52.64843109159208,6.744542655108408,21.68115905024669,1001.8072289156627,99.12632267336332,51.85035971828092,13.675349949439072,0.8589321067017224
2023-01-11,W2,53.4303405567864,18.110495846593476,21.14385563793617,1002.0080321285141,82.0012629119356,52.622756877756274,14.988875314446059,0.7819094651943175
2023-01-12,W2,53.66137198538465,15.452454548987651,23.72567970266124,1002.2088353413654,69.48823736759591,53.24671454458771,15.1263206745911,0.23103142859825
2023-01-13,W2,52.68940083181723,5.297908944734669,20.653241573639566,1002.4096385542168,53.24926994371466,53.26037112466276,15.83796169022296,-0.9719711535674165
2023-01-14,W2,52.32152514049216,12.905796750514337,22.22174018019697,1002.6104417670683,44.88530716747082,52.890765985898014,16.707104013227234,-0.36787569132506803
2023-01-15,W2,52.81169963927794,11.915014563779135,20.460155463791185,1002.8112449799197,8.439238054454234,52.60754187052911,11.784371644855016,0.4901744987857768
2023-01-16,W2,53.355268320909815,8.023758280779653,20.774191476964333,1003.0120481927711,39.93687483946909,52.82949770022663,11.207138798642475,0.543568681631875
2023-01-17,W2,53.51434233404749,7.339121584096013,21.356950846666212,1003.2128514056225,91.01346367821343,53.22710343141174,11.292078645640704,0.15907401313767622
2023-01-18,W2,54.46255747909433,6.871209495514079,23.709006396164632,1003.4136546184739,80.8022629906553,53.77738937801721,9.68646630977222,0.9482151450468379
2023-01-19,W2,55.42353476401366,12.343115667912937,22.457639960312846,1003.6144578313254,21.60513650116872,54.4668115257185,9.242275041047261,0.9609772849193305
2023-01-20,W2,53.250398288212835,8.84819872961339,21.715933163722653,1003.8152610441767,46.660778469721585,54.37883017710694,9.749459296029935,-2.173136475800824
2023-01-21,W2,55.753838907618636,16.63726226502844,22.792044757953057,1004.0160642570281,81.67232025585446,54.80925731994838,10.282525798103377,2.5034406194058008
2023-01-22,W2,54.906692048432966,13.392052322679238,22.56241421070741,1004.2168674698795,6.738455478552252,54.63697641475482,10.493531192231965,-0.8471468591856706
2023-01-23,W2,53.7641062100631,1.3986321141886826,22.143341735291838,1004.4176706827309,38.73925856686593,54.8082123887049,9.547084597004682,-1.1425858383698682
2023-01-24,W2,55.487737619253835,12.80336447656332,21.34505710650059,1004.6184738955824,85.18412368739476,54.719511959249964,10.327690724500012,1.7236314091907374
2023-01-25,W2,55.79263148080818,5.4229487300036965,24.28485366055262,1004.8192771084338,40.389786417012374,55.01482510337504,10.1207963294271,0.3048938615543477
2023-01-26,W2,53.757874964885104,11.856239833068454,23.158942259039048,1005.0200803212851,7.761464473144086,55.01274802164904,10.051242638735031,-2.0347565159230783
2023-01-27,W2,56.05477041469719,13.602638622069028,25.22379773714057,1005.2208835341365,54.253436853225146,55.20175895346349,10.730448337657265,2.2968954498120837
2023-01-28,W2,55.495051922660615,34.616583783080245,24.089374230682235,1005.4216867469879,86.17424949182954,55.1025657674143,13.298922840236097,-0.5597184920365734
2023-01-29,W2,56.87881425969085,9.137172897607373,23.797360565040208,1005.6224899598394,59.02855429531597,56.14287886568288,12.691082922368688,1.3837623370302339
2023-01-30,W2,54.16922906976386,3.806497256381356,22.905757972615014,1005.8232931726908,22.627910821423182,55.514365084038445,13.035063656967639,-2.7095851899269903
2023-01-31,W2,54.315446047036446,1.0467775157301662,22.33841099221059,1006.0240963855422,38.423962013738134,55.12116312549705,11.355551233991475,0.1462169772725872
2023-02-01,W2,52.71028649357868,7.5695284697173815,23.306633537766952,1006.2248995983936,45.01233611819322,53.73165387012633,11.662205482522001,-1.6051595534577672
2023-02-02,W2,55.368579286777816,7.25888543691984,22.488435915079563,1006.425702811245,57.92663538205268,54.131437275797644,11.005440568786485,2.658292793199138
2023-02-03,W2,55.22533681111015,19.90960981408514,24.34898263612986,1006.6265060240963,75.93510257526131,54.43473419715554,11.906436453360215,-0.14324247566766957
2023-02-04,W2,54.33197053212053,8.927047023952843,25.415153461109284,1006.8273092369478,9.88736176406354,54.975295543336166,8.23650263062773,-0.8933662789896175
2023-02-05,W2,54.8500982051955,6.671390989444008,23.60288906948667,1007.0281124497992,88.96520330175663,54.802468516142056,7.884248072318677,0.5181276730749715
2023-02-06,W2,53.649759100582486,11.609500134333492,24.887132580043026,1007.2289156626506,1.230970301607559,54.277275945966174,8.998962769168982,-1.2003391046130147
2023-02-07,W2,56.18045586128399,1.7753478821553692,23.329742511374285,1007.429718875502,37.005233467425526,54.89343772235399,9.103044250086867,2.5306967607015025
2023-02-08,W2,54.50530793970384,19.233314719096263,23.79027581956768,1007.6305220883534,2.7420309972657653,54.77850763385677,10.769299428569566,-1.6751479215801481
2023-02-09,W2,58.093997684767324,12.699200911820663,23.348943881253366,1007.8313253012049,39.297422534529126,56.25992049525172,11.546487353555396,3.5886897450634834
2023-02-10,W2,54.82122540391762,45.09675639881696,22.09928885943553,1008.0321285140562,52.58125988733238,55.806843676129596,15.144651151374228,-3.2727722808497006
2023-02-11,W2,54.22602771429935,3.409558763478351,24.26170777071984,1008.2329317269076,51.16813865815117,55.71375026766143,14.356438542735015,-0.5951976896182742
2023-02-12,W2,54.55411313235302,8.189557060104079,24.489775374408723,1008.433734939759,16.562834702826535,54.53378875018999,14.573319409972166,0.32808541805366787
2023-02-13,W2,53.52723581112944,8.45378226792379,25.48749027685603,1008.6345381526104,64.57405100956123,54.10245888592726,14.122502571913639,-1.02687732122358
2023-02-14,W2,55.38627396768653,16.436128878021737,25.274557900277866,1008.8353413654619,4.477845050466822,54.489207637056325,16.216899857037404,1.8590381565570908
2023-02-15,W2,54.440999176356165,0.02473359518818885,25.342711040008908,1009.0361445783133,76.19068201324154,54.451502985057374,13.472816839336252,-0.9452747913303625
2023-02-16,W2,55.941209486353465,6.017062167065101,23.61147374647961,1009.2369477911647,94.66444339935462,55.256160876798724,12.518225590085455,1.5002103099972999
2023-02-17,W2,54.47651019370931,19.624727486886076,25.093839488933856,1009.437751004016,33.97688271511179,54.95290628547298,8.879364316952474,-1.4646992926441555
2023-02-18,W2,56.06933862817163,9.497730870124371,26.262817654552958,1009.6385542168674,51.72393817143319,55.4956861027448,9.749103189330478,1.5928284344623194
2023-02-19,W2,55.36843594611717,7.6505256048801655,25.102993125964407,1009.8393574297189,37.891027805881436,55.30476158933269,9.67209869572706,-0.7009026820544619
2023-02-20,W2,54.558224708469304,2.396580040352927,26.591613238842108,1010.0401606425703,0.6710390304059954,55.331999760919366,8.806784091788368,-0.810211237647863
2023-02-21,W2,56.02120350226902,49.483292572560316,26.818847450839478,1010.2409638554217,38.587450289511594,55.31595471895182,13.52780747672245,1.4629787937997136
2023-02-22,W2,55.29744558100303,0.40052711851648937,24.56521867676779,1010.4417670682731,79.17202592613465,55.29229126391379,13.58149226576935,-0.7237579212659853
2023-02-23,W2,57.188538896737306,14.743604500144862,24.167475178529777,1010.6425702811244,59.59888421834818,56.169062660003114,14.82814117049503,1.891093315734274
2023-02-24,W2,53.72320334376785,15.371996095770168,24.130583539308912,1010.843373493976,10.125991461515893,55.403062607169396,14.220608114621328,-3.4653355529694565
2023-02-25,W2,54.09294263784914,4.873134321277332,23.400425877662894,1011.0441767068273,84.7139489693785,55.0015616261181,13.559951464786039,0.3697392940812918
2023-02-26,W2,55.462226516124346,13.431168872260745,24.419544393863653,1011.2449799196787,53.108534488524285,54.426124165913784,14.385757645840405,1.3692838782752048
2023-02-27,W2,52.22089174433938,1.8585828875877985,26.16385432471593,1011.4457831325301,84.17233617446762,53.92535363277096,14.308900909731102,-3.241334771784963
2023-02-28,W2,54.94621442383531,5.140945328641598,22.767237253057154,1011.6465863453815,58.02215187850294,54.20977756143301,7.97427987488557,2.7253226794959247
2023-03-01,W2,53.9275621411614,15.7580397658453,23.945742147315425,1011.847389558233,55.96884448379399,53.6982227697787,10.1682102530754,-1.018652282673905
2023-03-02,W2,52.45341177298988,17.293723840670804,24.86481200249276,1012.0481927710844,10.52591851970124,53.77572944599553,10.532513016007679,-1.4741503681715216
2023-03-03,W2,51.826557112378694,12.169728253195826,24.120327746207614,1012.2489959839357,16.735973313862797,52.73584367550999,10.0750461813542,-0.6268546606111869
2023-03-04,W2,52.359937803753056,10.136768636409652,24.472614565714558,1012.4497991967871,97.20252564965911,52.21330222970721,10.826993940658818,0.5333806913743615
2023-03-05,W2,50.585547934997905,3.186080412379606,24.486774938926388,1012.6506024096385,22.848674675477078,51.590680950376544,9.363409874961514,-1.7743898687551507
2023-03-06,W2,52.21413936593836,1.2621806615830033,24.73758554370034,1012.85140562249,97.7452117990368,51.71987503489644,9.278209556960828,1.6285914309404532
2023-03-07,W2,53.15518632941403,2.3529805694711725,24.258511798437137,1013.0522088353414,53.19127065242634,51.984957876783426,8.879928877079339,0.9410469634756709
2023-03-08,W2,51.881196269334716,4.547146001921975,24.166418150187244,1013.2530120481928,13.578904706393713,52.4168406548957,7.278372625090292,-1.2739900600793135
2023-03-09,W2,53.56687468395951,6.833490037938416,25.898436698596377,1013.4538152610442,9.930220275369294,52.86775242756942,5.784053510414236,1.685678414624796
2023-03-10,W2,53.65606137674296,7.618190510219744,25.99711603662532,1013.6546184738955,20.886407070574,53.03471077667907,5.133833832846223,0.08918669278344993
2023-03-11,W2,53.08609099441386,6.926435371780071,23.547103347807084,1013.855421686747,92.56373300253358,53.43634235170544,4.675214795041998,-0.5699703823291031
2023-03-12,W2,51.85250052435051,4.7811066439453125,22.14509667267828,1014.0562248995984,41.41502243282268,52.86488429850244,4.90307568526567,-1.2335904700633478
2023-03-13,W2,49.105977935055236,10.194484935033962,25.94199345906571,1014.2570281124498,39.54342679929144,51.34818981793987,6.179119152901523,-2.7465225892952745
2023-03-14,W2,50.53345014467966,46.50572216465794,23.6206364895005,1014.4578313253012,31.320626107017404,50.49730953469513,12.486653666499633,1.4274722096244261
2023-03-15,W2,50.89960444005351,5.594070769429584,25.029912386208473,1014.6586345381526,14.706185056658839,50.179677506596136,12.636214347572148,0.36615429537384614
2023-03-16,W2,49.950590831031164,18.847740382044663,23.216159201605485,1014.8594377510041,48.78511971924064,50.46121513858811,14.352535825301613,-0.9490136090223444
2023-03-17,W2,50.506406693970824,17.466733234476955,26.041204972862754,1015.0602409638554,13.00477825111387,50.452200655018494,15.7594705001955,0.5558158629396601
2023-03-18,W2,52.05639169006735,3.235284227042192,27.245716619373656,1015.2610441767068,83.54802363823276,50.83779640502311,15.232163193804372,1.5499849960965264
2023-03-19,W2,48.600239974359006,15.72551913514189,24.840460553621753,1015.4618473895582,37.03969862753065,50.38767945279906,16.79565069254674,-3.4561517157083443
2023-03-20,W2,51.857004101409764,11.491747646355332,24.51619036672855,1015.6626506024096,37.48035677817963,50.837878588612035,16.980973937021222,3.256764127050758
2023-03-21,W2,50.72926093551829,11.331507243428371,24.23785741592824,1015.8634538152611,47.40064284831559,50.39550167042902,11.956086091131285,-1.1277431658914736
2023-03-22,W2,49.912224503555045,37.82085526116349,25.2885969072307,1016.0642570281125,44.41277131657516,50.8328298468277,16.55991244709327,-0.8170364319632455
2023-03-23,W2,48.73043841575736,10.023059983640195,25.018415452821568,1016.2650602409639,99.48579730593215,49.79064128494357,15.299243818749776,-1.1817860877976827
2023-03-24,W2,48.37104845278299,7.943575548584221,25.39532446190237,1016.4658634538152,54.53811212183025,49.00457045736513,13.938792720765097,-0.35938996297436887
2023-03-25,W2,47.42094247103383,10.794652375198856,23.702210496324113,1016.6666666666666,8.820170378987068,48.1741431131914,15.018702456216051,-0.9501059817491608
2023-03-26,W2,50.567623660361555,12.559001055452716,24.60578872404103,1016.8674698795181,60.687734157692994,48.78653819472613,14.566342730546168,3.1466811893277224
2023-03-27,W2,50.19402091010136,13.486076128180969,23.656030977219395,1017.0682730923695,15.158429286987996,49.39419568049892,14.851246799378401,-0.37360275026019707
2023-03-28,W2,47.05784264691596,10.649623851188522,23.07093821842545,1017.2690763052209,3.0937644731341973,49.27316240579296,14.753834886201279,-3.1361782631854
2023-03-29,W2,47.72169404725207,14.428441346574633,24.015164535089497,1017.4698795180723,97.07421536772482,48.32451920142313,11.412061469831444,0.6638514003361138
2023-03-30,W2,48.520444510627875,2.825560985510116,23.058610726814138,1017.6706827309237,77.3538891534564,47.766660401598635,10.383847327241435,0.7987504633758036
2023-03-31,W2,47.603852838506356,4.239649818044771,25.077259156352135,1017.871485943775,98.01089924137669,47.94866379879543,9.854715080021512,-0.9165916721215197
2023-04-01,W2,45.80413062013124,16.374700081485404,22.96153508507005,1018.0722891566265,47.78784480222424,47.30947598975516,10.65186475234816,-1.7997222183751163
2023-04-02,W2,46.88814835877939,6.450559556928304,24.104490296509187,1018.2730923694779,53.225753114897614,46.76537727247233,9.77923025255896,1.08401773864815
2023-04-03,W2,49.3240287554601,0.45787649952240494,23.052629073260512,1018.4738955823293,16.833695591913024,47.33876924479025,7.918058877036309,2.4358803966807088
2023-04-04,W2,46.61432567305066,3.075822993360622,23.84589331387321,1018.6746987951807,24.69074266675856,47.608834262430044,6.836087325918036,-2.7097030824094404
2023-04-05,W2,46.87665524071076,4.472288689926225,22.95534089050425,1018.8755020080321,83.85492149028282,47.605003223073844,5.4137798035396925,0.2623295676601032
2023-04-06,W2,45.73553674455873,19.146457757891746,22.130417779403913,1019.0763052208836,35.61856471175942,46.40883921944005,7.745336485308497,-1.141118496152032
2023-04-07,W2,47.31409909392733,11.460828578616987,23.777536466460813,1019.277108433735,82.6814973796419,46.64209702639894,8.776933451104528,1.5785623493686032
2023-04-08,W2,46.69238915597642,18.654614809525096,22.96238562027698,1019.4779116465863,70.90137242870318,46.580674998154166,9.102635555110197,-0.6217099379509108
2023-04-09,W2,45.691638617620725,11.503267009932499,23.385787644783655,1019.6787148594377,17.71709252718655,46.566042289174824,9.824450905539369,-1.000750538355696
2023-04-10,W2,44.99117526368381,9.587088802757036,22.570987571613042,1019.8795180722891,50.744636611974215,45.79173434576032,11.128624091715746,-0.700463353936918
2023-04-11,W2,47.56851990118241,6.274553823881921,21.570011790727737,1020.0803212851406,67.73873215187169,46.083777927495646,11.585585638933072,2.577344637498605
2023-04-12,W2,44.432765191520886,12.127418888667512,23.877399561744305,1020.281124497992,23.50372148038251,45.664153452129035,12.679175667324685,-3.1357547096615264
2023-04-13,W2,46.422845227750045,2.7839604923505967,23.42547228693615,1020.4819277108434,83.06885105200769,46.141376773484446,10.341676057961664,1.990080036229159
2023-04-14,W2,43.65245244108687,17.96523254585412,22.01453520579696,1020.6827309236947,54.48276575451868,44.83602095345261,11.270876624709826,-2.770392786663173
2023-04-15,W2,46.40760848544696,16.586648102825674,22.542413394170673,1020.8835341365461,16.52420504426032,45.49430205142795,10.975452809467052,2.755156044360085
2023-04-16,W2,46.5716946063248,6.350628957534741,23.40421732556129,1021.0843373493976,58.29844261646024,45.54391851095287,10.239361659124514,0.16408612087784036
2023-04-17,W2,46.60427180245973,19.055950552025887,21.793219145993543,1021.285140562249,99.9713804155914,46.527858298077156,11.59205619473435,0.032577196134930375
2023-04-18,W2,45.26361366492635,16.504015348311363,21.83499986679829,1021.4859437751004,15.052149166341355,46.146526691236964,13.053407841081414,-1.3406581375333744
2023-04-19,W2,46.93153799009783,13.326137716700794,22.265783197986757,1021.6867469879518,81.67569301195282,46.26647448582796,13.22465338794331,1.6679243251714766
2023-04-20,W2,47.58554117782506,2.435238222505496,21.447038447732773,1021.8875502008032,20.730900318755797,46.593564277616416,13.174835920822584,0.654003187727227
2023-04-21,W2,44.893956831685244,9.564680460961446,22.645986680124846,1022.0883534136547,78.23883294600873,46.47034533320271,11.9747570515522,-2.6915843461398126
2023-04-22,W2,44.710121067428595,10.122151096935017,21.50162007717951,1022.289156626506,73.45779231214132,45.7298730256463,11.051257479282109,-0.18383576425664927
2023-04-23,W2,45.26365294825821,4.651027167307602,20.76704752850191,1022.4899598393574,30.048938560043236,44.95591028245735,10.808457223535372,0.5535318808296168
2023-04-24,W2,44.59802382417152,1.599307887186039,22.039297197416843,1022.6907630522088,32.58231175644498,44.85726594661944,8.314651128558252,-0.6656291240866921
2023-04-25,W2,44.42100327362139,15.534472609433854,20.167191775372686,1022.8915662650602,79.25213919629192,44.76089334868371,8.17614502300432,-0.17702055055013233
2023-04-26,W2,44.48529536549759,2.4407010424879005,23.202031391558435,1023.0923694779117,46.14455118873126,44.50144082109683,6.621082640973908,0.06429209187620444
2023-04-27,W2,46.72297811885595,11.885815011235493,22.646723733958208,1023.2931726907631,73.08180287118088,45.209758919324976,7.971165039363908,2.2376827533583565
2023-04-28,W2,45.772343966394445,18.72898347767321,21.454119788764185,1023.4939759036145,14.798414736583476,45.660205816916,9.280351184608445,-0.9506341524615038
2023-04-29,W2,44.52081826181849,17.52210385196085,21.245753375287464,1023.6947791164658,85.25577819015535,45.6720467823563,10.337487292469278,-1.251525704575954
2023-04-30,W2,42.55600223792258,5.555052474985223,21.074141993030633,1023.8955823293172,71.08847166823192,44.283054822045166,10.466633764994652,-1.9648160238959136
2023-05-01,W2,43.48407100231996,17.028972751025307,20.077443602087442,1024.0963855421687,90.69428088348339,43.520297167353675,12.670871602685976,0.9280687643973806
2023-05-02,W2,45.557390094955565,0.006650122409788128,20.738325128875722,1024.29718875502,13.237237903497245,43.86582111173269,10.452611247396826,2.0733190926356073
2023-05-03,W2,42.965806868813274,0.35375619226514443,19.39207917133193,1024.4979919678715,59.30145003605977,44.00242265536293,10.154476268793575,-2.5915832261422906
2023-05-04,W2,45.4216805511655,12.051063276857299,20.693025802028536,1024.698795180723,59.912058504032515,44.648292504978116,10.178083163882404,2.4558736823522267
2023-05-05,W2,44.112303286098594,7.29596438289059,20.930929459203817,1024.8995983935743,35.34607405467825,44.16659690202579,8.5447947217706,-1.3093772650669067
2023-05-06,W2,45.32662923591298,7.729216823182943,19.558831382844147,1025.1004016064257,45.84664245692578,44.95353769105903,7.1458108605166135,1.2143259498143877
2023-05-07,W2,45.36332082473933,11.28882181357765,19.21569082225693,1025.301204819277,3.798156328985347,44.93408444891697,7.964920766029818,0.036691588826350596
2023-05-08,W2,45.492275886989226,3.8356491118372116,18.472311193562316,1025.5020080321285,74.5860038627012,45.394075315880514,6.0801602461458035,0.12895506224989361
2023-05-09,W2,45.056949434691006,4.235107013309567,21.01693975037081,1025.70281124498,54.9322479403174,45.304182048806524,6.684225516274344,-0.4353264522982201
2023-05-10,W2,45.111106378433114,9.692031740377294,18.91779757815144,1025.9036144578313,5.774105186917378,45.22011056670445,8.018264880290365,0.054156943742107444
2023-05-11,W2,44.911817366099584,15.085070886877261,19.109560388772046,1026.1044176706828,68.07558929604855,45.02662439307457,8.451694538864645,-0.19928901233353002
2023-05-12,W2,46.21775900393389,12.389955028151753,19.483733231528163,1026.305220883534,46.67820772311879,45.413560916155525,9.17940748818767,1.3059416378343087
2023-05-13,W2,46.64719808756462,5.947100964736778,19.341583331046763,1026.5060240963855,3.4461259425,45.92559148586603,8.924819508409644,0.4294390836307258
2023-05-14,W2,44.73787704972904,8.606743550178424,19.682332725303063,1026.706827309237,96.96077268480954,45.86761138040919,8.541665470781185,-1.909321037835575
2023-05-15,W2,46.02658548821123,3.413295170999968,18.43351724972745,1026.9076305220883,94.91121430894405,45.8038868751683,8.481329193518722,1.288708438482189
2023-05-16,W2,46.40248493143839,1.4925962867416342,17.552009636725057,1027.1084337349398,51.290241614719754,45.72231582312622,8.08954194686616,0.37589944322715496
2023-05-17,W2,46.52348148039582,15.653920814882984,17.255676323484842,1027.309236947791,9.36724207059102,46.31751730001515,8.941240386081258,0.12099654895743583
2023-05-18,W2,46.64619025752393,5.307748183763891,17.86966136366127,1027.5100401606426,75.46212215985918,46.524052223119384,7.5444799999222045,0.12270877712810346
2023-05-19,W2,46.222773618807786,3.555327757024964,17.377628667838426,1027.710843373494,49.1931100105729,46.46414845224251,6.282390389761234,-0.4234166387161409
2023-05-20,W2,47.05466968377244,13.832361111386387,17.907488611554424,1027.9116465863453,30.24474782893799,46.64121118670138,7.408856124996894,0.8318960649646527
2023-05-21,W2,47.54969859747003,12.36103348574372,19.401449299472624,1028.1124497991968,49.14181775285568,46.94238063335009,7.945183258649079,0.4950289136975883
2023-05-22,W2,47.23368534508327,12.663792520269281,17.600571096136928,1028.313253012048,52.244414540546444,47.279351208775246,9.266682879973265,-0.31601325238675315
2023-05-23,W2,47.76425589901925,4.577892096932272,17.4854647666766,1028.5140562248996,56.27116990223392,47.515879947190854,9.707439424286216,0.5305705539359735
2023-05-24,W2,48.41875825197899,4.6529107712536195,17.733343741888273,1028.714859437751,44.12237136553265,47.80556649869383,8.135866560910591,0.6545023529597458
2023-05-25,W2,45.751700371288635,4.416052595712783,17.232177166389583,1028.9156626506024,60.575530313905666,47.31157150742896,8.00848147690329,-2.6670578806903578
2023-05-26,W2,48.724206585753564,3.47505191324589,17.459974583609934,1029.1164658634539,91.87347106063774,47.63155506967373,7.997013499220565,2.9725062144649286
2023-05-27,W2,48.30485143220186,13.114473451233126,17.959373041131144,1029.3172690763051,36.226808709859114,47.59358612974802,7.89445811919867,-0.41935515355170594
2023-05-28,W2,47.03576518108453,16.96031770498803,18.196036523268255,1029.5180722891566,72.5716463219949,48.02160773301332,8.551498721947857,-1.2690862511173293
2023-05-29,W2,49.13781586302696,14.486349393533224,18.208992235050978,1029.7188755020081,89.44525568242322,48.15947749210445,8.811863989556992,2.10205068194243
2023-05-30,W2,48.127663069866905,15.841872675210864,19.158903916234834,1029.9196787148594,45.597927575993694,48.100414704659464,10.42100407216822,-1.010152793160053
2023-05-31,W2,48.45703362208922,8.095968581703996,17.56952893892896,1030.120481927711,44.34558363819041,48.57417085166103,10.91286947366113,0.3293705522223149
2023-06-01,W2,48.40640217639132,13.081515907439963,19.134676197288115,1030.3212851405622,60.21169853547795,48.33036628944915,12.150792803907873,-0.05063144569790268
2023-06-02,W2,49.413313920612886,7.084724808895491,16.025716949750155,1030.5220883534137,59.14067594224881,48.75891657303114,12.666460360429243,1.0069117442215685
2023-06-03,W2,48.52382884346641,10.5100924393728,18.79752117691562,1030.7228915662652,80.6589342326277,48.78118164682354,12.294405930163482,-0.8894850771464746
2023-06-04,W2,50.41003758041404,9.632696930697247,16.23199489151896,1030.9236947791164,47.64833837782927,49.44906011483112,11.247602962407655,1.88620873694763
2023-06-05,W2,49.569873848849014,3.537742902877088,16.23864360527736,1031.124497991968,99.61229496394411,49.50124675757649,9.68351632088535,-0.8401637315650277
2023-06-06,W2,49.54517714736104,7.741575206712616,16.311296889141435,1031.3253012048192,5.947156886728077,49.841696192208026,8.526330968242743,-0.02469670148797576
2023-06-07,W2,50.863044643152826,19.27644550964702,16.125327916821036,1031.5261044176707,0.31678485807017376,49.992698546454285,10.12354195794889,1.3178674957917877
2023-06-08,W2,49.99122387277696,4.9716051542988415,16.344896040904676,1031.7269076305222,64.01983115596238,50.13314855443028,8.96498327892873,-0.8718207703758623
2023-06-09,W2,51.45906794637911,2.6760747255897743,15.596516534425689,1031.9277108433735,29.84349123618767,50.77111215410296,8.335176124170768,1.4678440736021443
2023-06-10,W2,51.68977066387727,8.371612432478706,16.926430014461825,1032.128514056225,24.03823886994838,51.04668749434445,8.029678980328756,0.2307027174981613
2023-06-11,W2,49.57351519133226,15.806754717202962,15.466041508187601,1032.3293172690762,31.189908000428048,50.907451267196215,8.911687235543857,-2.1162554725450065
2023-06-12,W2,52.2142557381211,11.642964595599445,16.59943044215993,1032.5301204819277,25.60475651049543,51.159180531110216,10.069576048789909,2.640740546788841
2023-06-13,W2,49.83785408815365,13.61949654476489,17.399069753028265,1032.7309236947792,3.079004966044785,50.541875005869,10.909279097083092,-2.3764016499674554
2023-06-14,W2,52.664268829016926,3.7938969634935438,15.44439858626667,1032.9317269076305,97.15330423905887,51.57212621843056,8.697486447632595,2.826414740863278
2023-06-15,W2,53.7114365374661,12.37896386015443,16.528712400342794,1033.132530120482,22.074548845278173,52.07118648487889,9.755680548469106,1.047167708449173
2023-06-16,W2,52.745590591125236,6.4700078982294755,16.229032269980994,1033.3333333333333,73.40297625893064,53.04043198586942,10.297671001703351,-0.9658459463408633
2023-06-17,W2,49.89843542133188,16.68606731909535,17.861060873870244,1033.5341365461848,76.25963946941752,52.118487516641075,11.485450271220014,-2.8471551697933535
2023-06-18,W2,53.300327010410996,12.585976120214724,15.044440733268068,1033.7349397590363,92.92573980072292,51.9814510076227,11.025339043078835,3.4018915890791135
2023-06-19,W2,54.66062834550165,3.977125555505918,16.288274020888,1033.9357429718875,3.0549457093379973,52.619796925748176,9.930219180208335,1.3603013350906537
2023-06-20,W2,52.28531205947104,1.292333596881723,13.813991917105147,1034.136546184739,87.20483384470077,53.41542247179456,8.16919590193931,-2.3753162860306105
2023-06-21,W2,52.72331058184595,0.8526641857406547,14.89384857407512,1034.3373493975903,52.722618083980024,53.22308366227288,7.7490197908317535,0.43799852237491166
2023-06-22,W2,51.73474964143748,7.428171353002815,15.695739193180492,1034.5381526104418,63.25441099658279,52.24779076091816,7.041763718381523,-0.988560940408469
2023-06-23,W2,53.39582405602515,5.31702273308627,16.69111124501765,1034.7389558232933,64.44702771210336,52.61796142643619,6.877051551932493,1.6610744145876666
2023-06-24,W2,54.508457060599795,12.92180246925016,14.030616647412716,1034.9397590361446,81.97978049847275,53.213010252687475,6.339299430526038,1.112633004574647
2023-06-25,W2,54.087328388536626,9.986676699572365,16.004259566107407,1035.140562248996,33.34073221591105,53.997203168387195,5.967970941862844,-0.42112867206316906
2023-06-26,W2,56.6764033602645,5.320385560107614,15.119608995768312,1035.3413654618473,73.30511898599934,55.09072960313364,6.159865228234514,2.589074971727875
2023-06-27,W2,53.70660870279159,2.9847555590035224,13.62903543855505,1035.5421686746988,52.85781097221971,54.82344681719757,6.401639794251914,-2.96979465747291
2023-06-28,W2,52.176129329435504,2.543995253748992,15.30296823645401,1035.74297188755,79.33940143053478,54.18638046416387,6.643258518253106,-1.530479373356087
2023-06-29,W2,54.10485562532334,17.293207842808354,16.804467161027045,1035.9437751004016,99.05460327701334,53.32919788585014,8.052549445368182,1.9287262958878344
2023-06-30,W2,51.63817082528155,4.869559368097345,13.951930647033889,1036.144578313253,20.06510174037612,52.6397185933468,7.988626107512622,-2.46668480004179
2023-07-01,W2,53.63571787290856,43.03421295821937,14.942600425864839,1036.3453815261043,99.46486415599979,53.12624810783782,12.290399034508225,1.997547047627009
2023-07-02,W2,55.900680169648304,16.213718559725326,14.049234062685288,1036.5461847389558,8.9812154282774,53.72485628927947,13.179976443101504,2.2649622967397463
2023-07-03,W2,54.702011856151984,12.281626223694722,14.55378570404719,1036.7469879518071,0.23175479048138659,54.74613663290295,14.174439395042521,-1.19866831349632
2023-07-04,W2,54.64981669847784,17.191304632938916,16.444203648977762,1036.9477911646586,4.416193617783126,55.08416957475938,16.203946405604718,-0.05219515767414151
2023-07-05,W2,56.377492703431734,7.84787443056949,14.733349760746528,1037.14859437751,34.17824047367617,55.24310708602052,16.96164343086479,1.7276760049538922
2023-07-06,W2,54.36507644640685,19.124443812978967,16.40246112416664,1037.3493975903614,63.290633067843416,55.13079528277215,17.22324856946059,-2.0124162570248814
2023-07-07,W2,55.96898499050476,2.6629000835619387,16.10915353797681,1037.5502008032129,6.902954088784963,55.57051804678111,16.908011528812676,1.603908544097905
2023-07-08,W2,54.90036873412808,2.042990593150762,14.639749139686238,1037.7510040160641,0.566581452956727,55.07814339034656,11.05212261951716,-1.0686162563766786
2023-07-09,W2,55.20731230124569,13.173842924148872,14.505457095249012,1037.9518072289156,93.70910284587947,55.35888867529284,10.617854671577666,0.3069435671176137
2023-07-10,W2,53.65837832170048,18.856622828265234,14.120805645156326,1038.1526104417671,82.19266359399296,54.58868645235808,11.557139900802026,-1.548933979545211
2023-07-11,W2,54.43419190112277,16.17766923272656,14.097843977498203,1038.3534136546184,80.9183171139031,54.43329417468965,11.412334843628832,0.7758135794222909
2023-07-12,W2,53.55134775782505,1.5283371887610286,15.397018519548157,1038.55421686747,88.4424275501977,53.88130599354944,10.509543809084766,-0.8828441432977243
2023-07-13,W2,54.878267366744424,5.5873542786943275,15.042267391505858,1038.7550200803212,70.00342727721043,54.28793567523075,8.575673875615532,1.3269196089193755
2023-07-14,W2,55.38054065640791,18.606377696756475,14.45983286730468,1038.9558232931727,10.440412974808144,54.60338526032579,10.853313534643322,0.502273289663485
2023-07-15,W2,53.88867867626421,35.06116865601569,13.559191373148856,1039.1566265060242,39.9100188073723,54.71582889980552,15.570196115052598,-1.491861980143696
2023-07-16,W2,57.04841294008928,15.623408475738385,15.241763844211862,1039.3574297188754,72.31494864646295,55.43921075758713,15.920134050993957,3.159734263825065
2023-07-17,W2,55.26979520560384,16.502643918574076,14.696760873879231,1039.558232931727,28.033446079152093,55.40229560731911,15.583851349609505,-1.7786177344854366
2023-07-18,W2,55.0338900415135,39.90904206921964,15.004820964698292,1039.7590361445782,68.74063641362376,55.784032729068876,18.974047469108516,-0.23590516409034024
2023-07-19,W2,55.722132726004396,7.72697819696631,15.54164220292097,1039.9598393574297,2.449844826765235,55.34193932437392,19.85956761313784,0.6882426844908949
2023-07-20,W2,54.09194075204053,9.002488648395193,12.775071863356812,1040.1606425702812,30.613734087959322,54.94932117318614,20.34744395166654,-1.6301919739638677
2023-07-21,W2,55.04480447981333,4.539293887307283,13.78650170721951,1040.3614457831325,54.91303362771727,54.95295931928609,18.337860550316655,0.9528637277728009
2023-07-22,W2,54.11704702506814,17.787818322576886,17.662100893942025,1040.562248995984,63.208982950624225,54.417930752307335,15.87023907411111,-0.9277574547451906
2023-07-23,W2,56.337383939622455,9.012393134595158,14.907879523702892,1040.7630522088352,57.704066446191085,55.166411814834646,14.925808311090648,2.2203369145543164
2023-07-24,W2,53.657149037290544,17.649188809121995,12.948808756632557,1040.9638554216867,69.77562760734295,54.70386000066038,15.08960043831178,-2.680234902331911
2023-07-25,W2,54.70843323776379,2.113869598125482,14.07094017287517,1041.1646586345382,0.608874823983907,54.9009887382256,9.690290085298328,1.0512842004732477
2023-07-26,W2,54.896571715787466,19.765505420002626,18.06283809054704,1041.3654618473895,10.094119997752149,54.42071799694727,11.410079688589231,0.18813847802367434
2023-07-27,W2,54.87670439425355,8.865461748872365,14.935678902919191,1041.566265060241,86.89442522791451,54.82723644926827,11.390504417228827,-0.019867321533915572
2023-07-28,W2,53.80803844756766,0.9566164078821093,16.860774124258704,1041.7670682730923,68.17486440901612,54.52710485253623,10.878693348739517,-1.0686659466858899
2023-07-29,W2,53.39408078137187,0.7604369647490983,15.888696103831162,1041.9678714859438,11.29316426860113,54.02627454106436,8.446210297621262,-0.4139576661957918
2023-07-30,W2,53.61619392093496,14.924145149636772,15.351125096682223,1042.1686746987953,84.20744373985792,53.606104383291495,9.290746299770063,0.22211313956309198
2023-07-31,W2,54.597967697613264,13.180710684073615,16.68270281298806,1042.3694779116465,24.22312178245669,53.86941413330669,8.652392281906009,0.9817737766783026
2023-08-01,W2,53.8058867108207,16.04261116255175,13.59667174305257,1042.570281124498,47.825988419522346,54.00668277645631,10.642212505395475,-0.7920809867925627
2023-08-02,W2,54.619661931184154,2.107350679056119,14.616225772491564,1042.7710843373493,14.51965128846603,54.34117211320605,8.119618970974546,0.8137752203634534
2023-08-03,W2,54.1680115515219,0.711417340710967,15.643847652256635,1042.9718875502008,71.01100564217066,54.197853397842245,6.954755484094347,-0.4516503796622544
2023-08-04,W2,51.27569750109955,10.17158578895157,14.874594638318234,1043.1726907630523,66.68544210142679,53.35445699460187,8.271179681389984,-2.8923140504223497
2023-08-05,W2,53.65598120917377,7.751904629655391,15.720429956096924,1043.3734939759036,21.11124711661362,53.033230087265075,9.269960776376596,2.3802837080742165
2023-08-06,W2,55.50931466692313,9.238938733419115,17.240984536397434,1043.574297188755,86.34007668570018,53.48033112573214,8.457788431202646,1.8533334577493648
2023-08-07,W2,54.4292500024694,19.83176817740548,16.607772199080582,1043.7751004016063,40.13060242197122,54.53151529285543,9.407939501678628,-1.0800646644537295
2023-08-08,W2,53.36610949716843,19.414999153413405,17.896860479442083,1043.9759036144578,29.25150910707418,54.43489138885366,9.889709214658865,-1.0631405053009715
2023-08-09,W2,51.720071763321954,18.846307793463858,16.85441298311976,1044.1767068273093,15.232958946453545,53.171810420986596,12.280988802431397,-1.6460377338464767
2023-08-10,W2,53.087902835775836,15.676853535353477,17.74641999121536,1044.3775100401606,26.616801251553746,52.72469469875541,14.418908258808898,1.3678310724538818
2023-08-11,W2,53.17677467862105,7.096827205137808,16.786877089730144,1044.578313253012,2.2026921223816998,52.66158309257295,13.979657032549792,0.0888718428452151
2023-08-12,W2,52.0060235836149,8.242618605255432,16.359665152967885,1044.7791164658634,58.32574924561156,52.756900366003926,14.04975902906408,-1.1707510950061533
2023-08-13,W2,52.39561360683258,10.992320874378489,18.531443925212876,1044.9799196787149,84.22307463439479,52.52613728968951,14.30024219205828,0.38959002321768565
2023-08-14,W2,53.40428277609986,16.610689128096798,16.4443385360236,1045.1807228915663,54.898044944164184,52.60197332218245,13.840088042157037,1.0086691692672787
2023-08-15,W2,50.85003928839835,1.3742566503653553,17.60215886083548,1045.3815261044176,21.927396192387572,52.21664522377693,11.262839113150175,-2.5542434877015125
2023-08-16,W2,50.4589541763376,8.485937717697762,18.133582258793513,1045.5823293172691,3.366917821387272,51.57109208027861,9.782786245183589,-0.39108511206075036
2023-08-17,W2,52.017446365293644,1.6523532691853737,18.31422637518795,1045.7831325301204,21.462807325880284,51.10881327667653,7.779286207159574,1.5584921889560448
2023-08-18,W2,51.587646566353975,10.293151731470232,16.41694889778149,1045.9839357429719,41.61214280710923,51.35468236932841,8.235903996635633,-0.42979979893966913
2023-08-19,W2,51.9624766425214,17.978016480124708,18.745539173561237,1046.1847389558234,75.96114286997965,51.855856524723,9.626675121616959,0.37483007616742725
2023-08-20,W2,51.30546093433531,15.649698491278759,16.827299224033904,1046.3855421686746,18.784285253777412,51.618528047736895,10.292014781174142,-0.6570157081860941
2023-08-21,W2,49.96875445331328,4.556848350862199,18.731020595803383,1046.5863453815261,71.97914533546862,51.07889734339,8.570037527283484,-1.336706481022027
2023-08-22,W2,50.768679354334715,19.519816991975848,18.570877025617428,1046.7871485943774,86.69334683518836,50.68096491399444,11.162260433227841,0.7999249010214342
2023-08-23,W2,48.99379470715991,13.347007960928568,18.97097150707611,1046.987951807229,45.394684810835706,49.91040950493596,11.856699039403669,-1.774884647174808
2023-08-24,W2,49.68481789148598,0.20855398794806135,17.065151028036677,1047.1887550200804,82.14319916425933,49.81576398432687,11.650441999226912,0.6910231843260703
2023-08-25,W2,50.237255789582406,5.10826969370439,18.976999396292197,1047.3895582329317,55.46573480350956,49.6386227960761,10.909744565260363,0.5524378980964286
2023-08-26,W2,49.173690528692774,5.21426599839833,19.594604121174843,1047.5903614457832,63.709083708090496,49.69858806992039,9.086351639299451,-1.0635652608896322
2023-08-27,W2,51.80275628402839,1.3850861257171987,18.82329633906871,1047.7911646586344,52.62784603382027,50.40456753410118,7.048549872790657,2.629065755335617
2023-08-28,W2,47.244092105734204,19.19653036151858,17.933046336082388,1047.991967871486,46.31727167513417,49.406846306151785,9.13993301717014,-4.558664178294187
2023-08-29,W2,48.391751143274405,9.565105891518474,19.793967911714518,1048.1927710843374,23.465344177584935,49.14619984434567,7.717831431390515,1.1476590375402012
2023-08-30,W2,47.80613745538992,17.91629194743764,19.111413996319513,1048.3935742971887,30.319405946104606,47.813993568132844,8.370586286606096,-0.5856136878844822
2023-08-31,W2,47.850269905688286,6.444310068892567,17.446962475186048,1048.5943775100402,28.997011894360902,48.016052834784205,9.261408583883883,0.044132450298363324
2023-09-01,W2,47.71665927341879,2.5046714086565425,18.34968905187647,1048.7951807228915,56.328893095381474,47.79102221149899,8.889465971734191,-0.13361063226949454
2023-09-02,W2,46.84492090926059,9.486722198124278,18.844535910776173,1048.995983935743,11.995369302388992,47.470616696122555,9.499816857409327,-0.8717383641582046
2023-09-03,W2,48.73867684898242,2.2791326942863432,21.00200125261431,1049.1967871485945,91.67916907023351,47.76675234388727,9.627537795776348,1.893755939721835
2023-09-04,W2,47.256760446243206,9.720310059550798,20.95203935688393,1049.3975903614457,72.06551452831133,47.61345273482874,8.273792038352378,-1.4819164027392162
2023-09-05,W2,47.78885175740718,18.405943624388154,21.074738873095278,1049.5983935742972,40.14456309131936,47.9280963508776,9.53676885733376,0.532091311163974
2023-09-06,W2,47.01570495764696,40.41536283668425,20.10620528697074,1049.7991967871485,15.862414452637797,47.35377238709912,12.750921841511849,-0.7731467997602195
2023-09-07,W2,46.58901403326694,12.329994537901669,20.9135947917792,1050.0,88.19921697216358,47.13119024944036,13.591733908513149,-0.42669092438001854
2023-01-01,W3,50.556217578997504,14.462565477651083,20.29657554514076,1000.0,46.806905423429015,50.437823578410985,7.169927885885323,0.0
2023-01-02,W3,51.01298901965582,4.011205021459658,20.589339785980705,1000.2008032128514,46.62994129398188,50.437823578410985,7.169927885885323,0.456771440658315
2023-01-03,W3,49.74426413657964,4.071567550927209,20.4495219235926,1000.4016064257028,76.05756424552823,50.437823578410985,7.169927885885323,-1.2687248830761817
2023-01-04,W3,49.062583277840616,0.20181213378049456,20.689452402865168,1000.6024096385543,15.44922040049258,49.93994547802536,7.169927885885323,-0.6816808587390213
2023-01-05,W3,51.506580112276914,8.749638532164195,22.203774409601724,1000.8032128514056,48.72653541000508,50.1044758422324,7.169927885885323,2.443996834436298
2023-01-06,W3,51.9275384997176,17.65468761346844,21.700712710231734,1001.004016064257,42.99852141210597,50.832233963278384,7.169927885885323,0.4209583874406846
2023-01-07,W3,52.078187112284155,1.0380188717461802,20.944757077071895,1001.2048192771084,59.69106905466561,51.83743524142623,7.169927885885323,0.15064861256655604
2023-01-08,W3,51.59625012272614,3.8223741899200525,21.81990384175374,1001.4056224899598,99.95577032504386,51.867325244909296,5.649900559066603,-0.4819369895580152
2023-01-09,W3,50.6118627637897,6.201690766855101,19.969981728253714,1001.6064257028113,76.9448894082047,51.42876666626666,5.962827094123095,-0.9843873589364378
2023-01-10,W3,54.20590443039856,14.634494731284258,21.52370675256028,1001.8072289156627,39.78657030174272,52.1380057723048,7.471816691316961,3.5940416666088595
2023-01-11,W3,52.43427471928329,12.812711856051731,23.057643334046144,1002.0080321285141,82.75530522740469,52.41734730449051,9.273373794498566,-1.7716297111152741
2023-01-12,W3,51.963801144354875,8.318878091637101,21.152053548700657,1002.2088353413654,17.070836331248017,52.867993431345575,9.21183658870898,-0.4704735749284126
2023-01-13,W3,52.147991693575364,15.181378785167514,20.64335562661424,1002.4096385542168,3.0463686308960125,52.182022519071175,8.858506756094561,0.18419054922048872
2023-01-14,W3,52.64305430893024,12.192620233138038,20.958841457849136,1002.6104417670683,20.444837246427305,52.251615715620154,10.4520212362934,0.4950626153548754
2023-01-15,W3,53.73505989361706,17.92081599314438,20.640212413521905,1002.8112449799197,34.041155611425964,52.84203529870755,12.466084351039731,1.0920055846868237
2023-01-16,W3,53.02277608696019,16.36053498277386,21.06289724657608,1003.0120481927711,51.05807574595599,53.13363009650249,13.917347810456699,-0.7122838066568704
2023-01-17,W3,53.854788543649896,5.056272121784011,21.593788346841638,1003.2128514056225,61.51291405411998,53.53754150807572,12.549030294813805,0.8320124566897036
2023-01-18,W3,53.30596852984743,5.428771552684005,20.674116040367966,1003.4136546184739,91.06057172144217,53.39451105348584,11.494181680046987,-0.5488200138024624
2023-01-19,W3,53.19542515062662,2.5071295158477125,22.20936386380843,1003.6144578313254,50.98540095504577,53.45206074137465,10.663931883505645,-0.11054337922081459
2023-01-20,W3,54.096903311155316,6.73929451434913,23.208688406053675,1003.8152610441767,50.127564462572934,53.532765663876454,9.457919844817306,0.901478160528697
2023-01-21,W3,54.20124003246797,19.990878374381886,21.509852251851566,1004.0160642570281,5.024300982298213,53.8311894980833,10.571956722137855,0.10433672131265581
2023-01-22,W3,53.564818682579414,8.11502337230122,24.04655025292467,1004.2168674698795,3.491155265622381,53.9543206754009,9.171129204874546,-0.6364213498885576
2023-01-23,W3,53.11572224253405,4.409768693782128,23.146107192958553,1004.4176706827309,55.11599619163721,53.627260319193816,7.463876877875728,-0.4490964400453663
2023-01-24,W3,54.33090169512919,15.24965768951106,23.772266547912874,1004.6184738955824,43.81786132483445,53.67048087341421,8.92007481612245,1.2151794525951445
2023-01-25,W3,54.18533184835161,10.84942006925312,22.188476622188194,1004.8192771084338,83.91803949802986,53.877318595338274,9.694453175632322,-0.14556984677758322
2023-01-26,W3,53.663298696308196,2.9920289905390507,23.803649357395624,1005.0200803212851,16.067958471184518,54.05984407992966,9.763724529159658,-0.5220331520434129
2023-01-27,W3,53.48015467967475,7.613793623217315,21.958125463277014,1005.2208835341365,2.49716621170496,53.77626174144485,9.888652973283683,-0.18314401663344881
2023-01-28,W3,54.830444945519105,8.289394310786866,24.039300110977866,1005.4216867469879,44.903876793012586,53.99129944050068,8.21701239277011,1.3502902658443574
2023-01-29,W3,55.060350188739356,15.076594011384373,23.417880180072697,1005.6224899598394,23.74785567522575,54.45698327131107,9.211522484067702,0.22990524322025152
2023-01-30,W3,54.23323553710849,0.41342737783808925,23.894213521216763,1005.8232931726908,4.961437333883745,54.70801022378898,8.640616581789983,-0.8271146516308647
2023-01-31,W3,54.08893575485951,5.38039293596621,22.258161950442656,1006.0240963855422,72.4598286847629,54.46084049356912,7.230721616997861,-0.14429978224897866
2023-02-01,W3,53.90669343428483,10.35192602631044,22.629294679978795,1006.2248995983936,11.159299995724748,54.076288242084274,7.159651039434621,-0.18224232057468015
2023-02-02,W3,55.17964030535477,5.376934849056867,24.209956727538778,1006.425702811245,60.83195000077717,54.391756498166366,7.500351876365737,1.2729468710699408
2023-02-03,W3,54.04610848185069,12.568680948379978,22.750444251174905,1006.6265060240963,28.104975016688915,54.377480740496765,8.208192922817547,-1.1335318235040859
2023-02-04,W3,57.136098772676924,9.637349585492332,24.245707255511277,1006.8273092369478,17.3496050355022,55.45394918662746,8.400757962061183,3.089990290826236
2023-02-05,W3,54.52166750071257,7.234205097191612,22.496663529143557,1007.0281124497992,37.97515229193175,55.234624918413395,7.280416688605075,-2.6144312719643565
2023-02-06,W3,52.535765832885005,18.984172537410245,24.790815820318496,1007.2289156626506,80.14457762229537,54.73117736875816,9.933380282829669,-1.9859016678275623
2023-02-07,W3,54.951839241823166,12.643189983729147,22.78644826682263,1007.429718875502,39.20935769045727,54.00309085847358,10.970922718224374,2.4160734089381606
2023-02-08,W3,54.921973934413344,2.5988274453588245,24.645042595454555,1007.6305220883534,75.07696492110557,54.136526336373834,9.863337206659859,-0.029865307409821185
2023-02-09,W3,56.111667236670556,11.20183394886791,24.789538799464808,1007.8313253012049,12.548629679915068,55.32849347096902,10.695465649490005,1.1896933022572114
2023-02-10,W3,55.28495294135636,15.61463706401802,23.535650076076465,1008.0321285140562,77.27714196650791,55.43953137081342,11.130602237438298,-0.826714295314197
2023-02-11,W3,54.151811371907854,14.169793949855947,24.88026768772318,1008.2329317269076,23.693332490664865,55.18281051664493,11.778094289490243,-1.1331415694485045
2023-02-12,W3,54.680034377591106,3.4417845859051877,24.621765900144524,1008.433734939759,67.73931298888728,54.70559956361844,11.23631993073504,0.5282230056832518
2023-02-13,W3,55.266616559324675,49.448399980802066,23.882787421901654,1008.6345381526104,56.57815548409963,54.699487436274545,15.588352422648157,0.5865821817335686
2023-02-14,W3,52.73928782667318,8.97627291493212,23.470564963532368,1008.8353413654619,92.91447172116874,54.22864625452966,15.064507127105726,-2.5273287326514975
2023-02-15,W3,56.19952061052574,3.180500074805226,22.571132449297334,1009.0361445783133,38.732251797531404,54.73514166550786,15.14760321702664,3.460232783852561
2023-02-16,W3,53.978786810151064,3.6039150825629584,24.935160016897182,1009.2369477911647,6.616518883444044,54.30586508245,14.06218623612593,-2.220733800374674
2023-02-17,W3,56.168301509831345,1.96469984378161,23.06953941150111,1009.437751004016,1.9155485551252904,55.44886964350272,12.112195204663589,2.189514699680281
2023-02-18,W3,55.07736165761257,16.070362168698686,24.775567888512672,1009.6385542168674,82.6858560972753,55.074816659198326,12.38370495021255,-1.0909398522187743
2023-02-19,W3,55.240574333194104,2.440609886436973,24.459677059173075,1009.8393574297189,52.473563766143215,55.49541250021267,12.240679993145662,0.16321267558153352
2023-02-20,W3,55.67905136775223,2.5025051428349387,25.442162401215306,1010.0401606425703,77.52440518349492,55.332329119519635,5.534123587721788,0.4384770345581259
2023-02-21,W3,55.0141029676107,17.009432295216754,24.49783584022975,1010.2409638554217,23.44256000115147,55.31124288951901,6.681717784905307,-0.6649484001415331
2023-02-22,W3,55.018038336283276,6.892081688951192,24.50423916071234,1010.4417670682731,34.50837455132337,55.237064223882065,7.211943729783301,0.003935368672578932
2023-02-23,W3,54.0779096296127,0.617158086161449,25.59628562789864,1010.6425702811244,3.010387221131894,54.70335031116889,6.7852641588688005,-0.9401287066705777
2023-02-24,W3,54.50482727021815,1.0379059903682175,25.22710373381198,1010.843373493976,96.14923245741122,54.533591745371375,6.652865036952602,0.4269176406054527
2023-02-25,W3,53.42882871741894,2.843408934077911,25.232717654948893,1011.0441767068273,66.78679067008134,54.003855205749936,4.763300289149634,-1.0759985527992129
2023-02-26,W3,53.55010640552545,4.267866959513791,25.407214883087704,1011.2449799196787,93.32050877593062,53.82792079772084,5.024337013874893,0.12127768810650963
2023-02-27,W3,55.72912460414341,13.302923884768107,23.42061675175258,1011.4457831325301,26.549640742907233,54.23601990902927,6.567253977008202,2.1790181986179604
2023-02-28,W3,52.82107727555232,3.146525600036565,25.728063508295374,1011.6465863453815,61.146361122566084,54.03343609507373,4.5868387348396045,-2.9080473285910884
2023-03-01,W3,53.642576510116214,2.37748782354144,25.595664342042774,1011.847389558233,67.84999682926379,54.064259463270645,3.9418967540667826,0.8214992345638947
2023-03-02,W3,53.45509156515261,15.294382829525583,23.97526031556826,1012.0481927710844,31.754970025758844,53.30624845027372,6.0386431459759455,-0.18748494496360735
2023-03-03,W3,52.87884229914902,13.421105677198288,24.75343247315511,1012.2489959839357,84.81092350156301,53.32550345813928,7.807671672665955,-0.5762492660035861
2023-03-04,W3,53.54682821345378,8.706484429104723,24.960593222327145,1012.4497991967871,94.71614629002478,53.2935873592518,8.645253886241214,0.667985914304758
2023-03-05,W3,53.46008960006486,10.986195429602079,24.86460782894696,1012.6506024096385,88.48551176960044,53.29525337088922,9.605015096253826,-0.08673861338891697
2023-03-06,W3,51.77785962648228,6.23968040652837,25.328985730330626,1012.85140562249,73.90669759393725,52.92825914666697,8.59598031364815,-1.6822299735825794
2023-03-07,W3,52.633986707618,9.650008404707213,26.419333276378058,1013.0522088353414,27.746467972495402,52.62397864472172,9.525049285743957,0.8561270811357176
2023-03-08,W3,51.27512957153119,10.133452979654916,26.05939809171562,1013.2530120481928,28.161604210563173,51.89565863521049,10.63304430804588,-1.3588571360868116
2023-03-09,W3,52.967110600843,7.744745423561918,23.65190775924374,1013.4538152610442,96.3360320446038,52.292075626664065,9.554524678622501,1.6919810293118118
2023-03-10,W3,52.1726010843803,18.131444213443256,25.569531849071026,1013.6546184738955,1.0284495935692028,52.13828041891816,10.227430183800355,-0.7945095164627034
2023-03-11,W3,51.89277639850518,0.32123729962012293,26.256580012589904,1013.855421686747,71.60499732421445,52.34416269457616,9.029537736731125,-0.2798246858751199
2023-03-12,W3,52.28089096295855,15.643425261824923,25.29150259264037,1014.0562248995984,70.62461625552622,52.11542281528134,9.69485628419153,0.38811456445337456
2023-03-13,W3,51.1551469170733,2.4876566248264864,25.969599034680748,1014.2570281124498,62.26895409497975,51.776271426179015,9.158852886805548,-1.1257440458852486
2023-03-14,W3,52.15116959593047,15.950947210743989,26.861707353753403,1014.4578313253012,99.01088460868658,51.86240249198744,10.058987001953659,0.996022678857166
2023-03-15,W3,50.09319809407176,12.318238313534424,25.840877093855713,1014.6586345381526,31.187943576372522,51.133171535691844,10.371099192507874,-2.0579715018587095
2023-03-16,W3,52.25633499943051,46.86556181872805,25.031139670275433,1014.8594377510041,33.997186379324816,51.50023422981091,15.959787248960177,2.1631369053587477
2023-03-17,W3,50.09500098690254,1.9502865128179492,25.788538461687835,1015.0602409638554,7.893940294655555,50.814844693468274,13.648193291727992,-2.1613340125279663
2023-03-18,W3,48.75014515367838,11.179612681995481,24.84693655716902,1015.2610441767068,44.27981365437375,50.36716038000381,15.19938977492447,-1.344855833224159
2023-03-19,W3,49.917481595411594,10.021757605243941,24.681556687701374,1015.4618473895582,26.10485262348481,49.58754257866417,14.396294395412903,1.1673364417332124
2023-03-20,W3,49.60334384803652,14.123863659267172,24.258878779474337,1015.6626506024096,34.338670217764424,49.423656865708836,16.058609686047287,-0.31413774737507083
2023-03-21,W3,49.50846052761412,10.685811037873517,26.12341034995041,1015.8634538152611,83.45717902556277,49.67642865702074,15.30644737563722,-0.09488332042240444
2023-03-22,W3,49.875655710761336,10.814691342662083,23.688368929975788,1016.0642570281125,93.54845135274957,49.662486695470655,15.091654951226884,0.3671951831472171
2023-03-23,W3,50.5418973323864,8.591918871521294,25.9830964265651,1016.2650602409639,18.573307200518563,49.97533785692062,9.62399167305449,0.666241621625062
2023-03-24,W3,49.05329288437728,6.176688480146817,24.891690132089877,1016.4658634538152,37.25089315534659,49.823615309175004,10.2277633826729,-1.48860444800912
2023-03-25,W3,48.35554261580367,9.645287225043845,22.93082084412025,1016.6666666666666,92.8630562115394,49.31691094418912,10.00857403167981,-0.697750268573607
2023-03-26,W3,47.72431136776337,2.3698471753680117,24.63332031062781,1016.8674698795181,6.180846068922263,48.37771562264811,8.915443970268964,-0.6312312480403008
2023-03-27,W3,48.18822655871827,19.230266779661697,22.098472536273967,1017.0682730923695,9.236052811137851,48.089360180761766,9.644930130325324,0.46391519095489997
2023-03-28,W3,46.57630243624889,14.288215272531966,24.75416188332654,1017.2690763052209,16.279098920622936,47.49628012091018,10.159559306705102,-1.6119241224693823
2023-03-29,W3,47.54918894864191,19.049342333756936,24.941411439081953,1017.4698795180723,59.521283412687474,47.43790598120302,11.335938019718652,0.9728865123930248
2023-03-30,W3,49.331353637258154,4.534547646599265,23.388767501539167,1017.6706827309237,15.047227100599747,47.818948340716325,10.756313559015506,1.7821646886162412
2023-03-31,W3,47.08000277210014,47.58682040353056,24.02707985456513,1017.871485943775,96.80763814507335,47.98684845266674,16.672046690927466,-2.2513508651580167
2023-04-01,W3,48.35152123796336,16.175799691270768,25.77761289683616,1018.0722891566265,44.671452725852035,48.25429254910722,17.6049770432456,1.271518465863224
2023-04-02,W3,46.319439029526585,13.543048249153474,23.23519765155989,1018.2730923694779,50.15179603501664,47.2503210131967,19.20114862521495,-2.0320822084367762
2023-04-03,W3,49.14409035675063,12.500583721704114,22.59714378496363,1018.4738955823293,24.66586158054065,47.9383502080802,18.23976533122101,2.8246513272240463
2023-04-04,W3,49.041910996529815,6.330993305357399,25.050493965898294,1018.6746987951807,47.09602524347335,48.16848012760234,17.10301933591036,-0.1021793602208163
2023-04-05,W3,47.63114413397284,16.328215699300614,25.4419246544904,1018.8755020080321,66.19136326370115,48.60571516241776,16.714286959559455,-1.4107668625569758
2023-04-06,W3,48.871966770237634,10.030309229594677,23.3913247261093,1019.0763052208836,75.11771369540428,48.515007300246765,17.499395757130227,1.2408226362647952
2023-04-07,W3,47.082129083571246,1.4178315178257073,24.30522676091732,1019.277108433735,75.3868082709913,47.8617466625939,10.903825916315252,-1.789837686666388
2023-04-08,W3,47.345754471101394,6.2572632171026,24.539277157721084,1019.4779116465863,57.789111269408835,47.76661677497009,9.486892134291226,0.26362538753014775
2023-04-09,W3,47.69559223590924,18.70594197090655,22.35731847152281,1019.6787148594377,90.43597749938573,47.374491930193955,10.224448380255952,0.34983776480784456
2023-04-10,W3,46.47554911258968,17.013605212096927,22.514524671875613,1019.8795180722891,81.74078473061094,47.172298606533445,10.869165736026352,-1.2200431233195559
2023-04-11,W3,44.611599065586475,19.638113961530784,24.128822817650924,1020.0803212851406,75.70481146986255,46.260913471361796,12.770182972622552,-1.8639500470032075
2023-04-12,W3,46.82727195339637,12.559867652081962,24.47923524339656,1020.281124497992,5.560552168046062,45.97147337719085,12.231847537305601,2.2156728878098946
2023-04-13,W3,45.44716993772703,4.95020146280824,23.25159539166942,1020.4819277108434,0.6877962219649314,45.62868031890329,11.50611785633611,-1.3801020156693369
2023-04-14,W3,45.408801864842985,3.2563009935372755,21.701681827848148,1020.6827309236947,21.244727719547296,45.894414585322124,11.768756352866335,-0.03836807288404742
2023-04-15,W3,45.998291718913265,3.7382888121692326,24.459695292371315,1020.8835341365461,66.35235939134523,45.61808784049443,11.408902866447281,0.5894898540702798
2023-04-16,W3,46.1676765987821,0.3959131669450877,21.83122694458639,1021.0843373493976,41.119748888254584,45.85825672751278,8.793184465881358,0.16938487986883644
2023-04-17,W3,45.659622724826036,7.813642219718783,21.91511970068449,1021.285140562249,40.24062592993117,45.94186368084047,7.478904038398766,-0.5080538739560652
2023-04-18,W3,46.06055166965353,3.82855360999085,22.479222206478465,1021.4859437751004,88.45868882296138,45.96261699775389,5.220395416750203,0.4009289448274913
2023-04-19,W3,44.64067725047394,8.23310920913405,23.576311118694157,1021.6867469879518,89.55628481318388,45.45361721498451,4.602287067757645,-1.4198744191795853
2023-04-20,W3,45.23504568810571,18.69988863677531,22.76010548783958,1021.8875502008032,90.91752640535857,45.31209153607772,6.566528092610085,0.5943684376317648
2023-04-21,W3,46.06466541818208,8.6108041901438,22.203760183499732,1022.0883534136547,31.38780765150273,45.31346278558724,7.33145712069673,0.8296197300763737
2023-04-22,W3,46.93391727399524,17.559689939696696,22.133809387605055,1022.289156626506,69.10558127392618,46.077876126761005,9.305942996057796,0.869251855813161
2023-04-23,W3,47.240911276886486,12.11009533231753,21.594598072139352,1022.4899598393574,27.163318127436963,46.74649798968793,10.979397591111,0.3069940028912441
2023-04-24,W3,45.50868065279346,4.942631093227838,21.988797882061352,1022.6907630522088,19.060983307444978,46.5611697345584,10.56925314446944,-1.7322306240930274
2023-04-25,W3,45.88488329637712,7.117095185184228,18.77976234710973,1022.8915662650602,18.463245734736923,46.21149174201903,11.039044798068494,0.3762026435836603
2023-04-26,W3,47.003613070554294,1.6783907164285883,20.890545371364425,1023.0923694779117,34.2107620863594,46.132392339908286,10.102656441967712,1.1187297741771758
2023-04-27,W3,44.336386074116206,6.66925187192021,21.305549305294786,1023.2931726907631,42.99576197798217,45.7416274803492,8.38399404698841,-2.667226996438089
2023-04-28,W3,45.6301618240716,13.550818910070682,19.789610228223662,1023.4939759036145,83.09491710550684,45.65672032291403,9.089710435549396,1.293775749955394
2023-04-29,W3,45.77010733856273,1.4422218585887037,21.20274567127912,1023.6947791164658,11.98910934727121,45.24555174558352,6.787214995391111,0.13994551449113146
2023-04-30,W3,46.45898869972161,4.108028169560587,20.487229354225214,1023.8955823293172,73.49258473948942,45.95308595411865,5.644062543568691,0.6888813611588773
2023-05-01,W3,43.891394115390206,7.62882082826623,22.32201408632184,1024.0963855421687,53.14549141893053,45.37349671789152,6.027803934288461,-2.5675945843314025
2023-05-02,W3,44.11455522855317,19.64099074031925,22.014035208409737,1024.29718875502,28.794534267599246,44.821646014555,7.816931870736322,0.22316111316296627
2023-05-03,W3,45.1087450213068,15.697236459177603,19.849406212671614,1024.4979919678715,49.281958453282456,44.37156478841673,9.819624119700466,0.9941897927536303
2023-05-04,W3,45.50641468603518,44.66973492984208,20.03836967202166,1024.698795180723,29.994206977702266,44.90990497863172,15.248264556546447,0.39766966472837595
2023-05-05,W3,46.30073096469742,2.3238191305089195,19.98913495056413,1024.8995983935743,59.608195523830595,45.638630224013134,13.644407445180482,0.7943162786622437
2023-05-06,W3,45.75236723714458,15.61991787229983,19.48525800766786,1025.1004016064257,43.38439228552442,45.85317096262573,15.669792589996357,-0.5483637275528395
2023-05-07,W3,45.148051293294905,15.705376230320303,20.005817600439777,1025.301204819277,16.440552907887874,45.733716498378975,17.326556598676316,-0.6043159438496772
2023-05-08,W3,45.78814739785465,12.022053912486566,18.926506149322634,1025.5020080321285,11.658307455569672,45.56285530943138,17.954161324993507,0.6400961045597455
2023-05-09,W3,45.75241575804397,19.807235639967438,18.42836918186759,1025.70281124498,54.66956820721302,45.562871483064505,17.97791059637182,-0.03573163981067751
2023-05-10,W3,47.28340843402863,6.5050781184910385,20.056172835893918,1025.9036144578313,90.24130332861034,46.274657196642416,16.66474511913088,1.5309926759846562
2023-05-11,W3,45.79826672860455,18.825448964837033,19.93782900901048,1026.1044176706828,34.395768655768556,46.27803030689239,12.972704266987304,-1.485141705424077
2023-05-12,W3,45.35078327313944,18.294622299130072,18.379261886872445,1026.305220883534,73.30001072226231,46.14415281192421,15.254247576790325,-0.44748345546511104
2023-05-13,W3,46.2916144428555,0.22961319498755683,19.95473111891943,1026.5060240963855,65.8661354939767,45.8135548148665,13.055632622888572,0.9408311697160556
2023-05-14,W3,46.1553348916037,9.00233052949622,18.30419490045666,1026.706827309237,93.1554914309481,45.932577535866216,12.098054665627988,-0.13627955125179625
2023-05-15,W3,44.50722060482883,19.542084661031467,19.06601240760376,1026.9076305220883,82.09810172991409,45.651389979762676,13.172344772562976,-1.6481142867748702
2023-05-16,W3,46.19025079632848,2.062427248161516,19.511021587808425,1027.1084337349398,56.660525890546296,45.617602097587,10.63737214516213,1.6830301914996468
2023-05-17,W3,46.23897210036677,10.955693887666389,18.535729067753444,1027.309236947791,65.70304982341074,45.645481167174694,11.273174397901466,0.04872130403829544
2023-05-18,W3,45.935548772148096,19.57915014082208,18.90365750864525,1027.5100401606426,89.83864665840349,46.12159055628112,11.380845994470757,-0.30342332821867757
2023-05-19,W3,47.66039171677598,11.109908482117204,17.813049498625478,1027.710843373494,39.95187845869348,46.61163752976362,10.354458306326062,1.7248429446278877
2023-05-20,W3,45.9899596616979,3.7963060594431197,18.014638733434083,1027.9116465863453,32.679470585777736,46.528633383540665,10.863985858391143,-1.6704320550780807
2023-05-21,W3,47.38728850601094,11.643664601851796,17.8880110578323,1028.1124497991968,1.081108363519634,47.0125466281616,11.241319297299082,1.3973288443130372
2023-05-22,W3,46.944791689416974,4.088811478990937,17.231270955480376,1028.313253012048,82.65510741914642,46.774013285708605,9.033708842721863,-0.442496816593966
2023-05-23,W3,47.3660110681323,10.394085257889685,17.686341464895378,1028.5140562248996,80.0980700403365,47.23269708785341,10.22394570125446,0.4212193787153282
2023-05-24,W3,47.840191131987346,1.48084435824696,16.201124219280313,1028.714859437751,10.445451810015138,47.38366462984553,8.870395768480256,0.4741800638550444
2023-05-25,W3,46.2950663452929,12.109653384288093,17.146648410459544,1028.9156626506024,57.68573811327003,47.16708951513752,7.8033248032611136,-1.5451247866944442
2023-05-26,W3,47.97240363562298,10.335798782563163,17.242490325958457,1029.1164658634539,46.398169816688736,47.369220370967746,7.6927377033248225,1.6773372903300796
2023-05-27,W3,50.25137115669379,14.803227375229262,17.162324066154415,1029.3172690763051,11.870909550911147,48.1729470458699,9.265155034151414,2.278967521070811
2023-05-28,W3,46.590627162944536,12.6140094231757,17.069788022634164,1029.5180722891566,98.05682270607235,48.271467318420434,9.403775722911972,-3.660743993749257
2023-05-29,W3,48.277737016991765,10.992125370615133,17.144014835451827,1029.7188755020081,21.469588746335543,48.373245112210036,10.389963421715427,1.687109854047229
2023-05-30,W3,49.64922330071469,13.795576984962423,17.581493213589876,1029.9196787148594,6.723418009056115,48.17252916021699,10.875890811297248,1.3714862837229234
2023-05-31,W3,49.02061930636137,2.878838271444617,17.874686566889046,1030.120481927711,59.48473795019096,48.982526541355945,11.075604227468343,-0.6286039943533197
2023-06-01,W3,49.60204891097302,11.907193225172081,16.25043206909054,1030.3212851405622,73.88666771330327,49.42396383934969,11.046681347594626,0.5814296046116496
2023-06-02,W3,46.73524906528204,3.4422120564555536,15.598997902420653,1030.5220883534137,3.2443446047186963,48.45263909420547,10.061883243864969,-2.866799845690977
2023-06-03,W3,49.90743136060841,18.510444157037618,15.66419186224793,1030.7228915662652,65.87176387270222,48.74824311228783,10.59148564126616,3.1721822953263725
2023-06-04,W3,48.746874744232656,31.366682096912083,16.12516802454362,1030.9236947791164,53.22918759514545,48.46318505670771,13.270438880371358,-1.1605566163757572
2023-06-05,W3,50.01861372062683,38.60749499381586,16.16874121822389,1031.124497991968,10.326500887504842,49.557639941822636,17.215491683685748,1.2717389763941753
2023-06-06,W3,49.87994489993948,13.915949553108897,15.66117337036685,1031.3253012048192,17.252387694636205,49.548477788266325,17.232687764849533,-0.1386688206873501
2023-06-07,W3,52.38850199470049,9.160444233365174,15.047831963729873,1031.5261044176707,56.79742973160805,50.76235353842227,18.130060045123894,2.5085570947610094
2023-06-08,W3,50.85747595886192,1.841905064658047,15.802934816703983,1031.7269076305222,29.63576135132884,51.04197428450063,16.692161736479033,-1.5310260358385719
2023-06-09,W3,50.39826729175402,11.067580322534148,16.3579711570281,1031.9277108433735,93.8315728651316,51.214748415105475,17.781500060204547,-0.45920866710790165
2023-06-10,W3,49.20048495378285,12.832638176547091,16.69149730722602,1032.128514056225,81.87402294840508,50.15207606813292,16.97038492013447,-1.1977823379711694
2023-06-11,W3,51.029465931401134,14.075846219810153,15.461453489700459,1032.3293172690762,98.3567206513663,50.20940605897933,14.500265509119911,1.8289809776182864
2023-06-12,W3,51.928224414245,7.465196289255179,15.530822221763604,1032.5301204819277,25.967083895041398,50.71939176647633,10.05136569418267,0.8987584828438671
2023-06-13,W3,51.219338167836305,11.273199420575244,14.944647824657189,1032.7309236947792,96.9723632797977,51.39234283782748,9.673829960963577,-0.7088862464086958
2023-06-14,W3,50.98703194219698,9.013729498778263,15.770061785699633,1032.9317269076305,43.12338697915579,51.378198174759426,9.652870713165445,-0.23230622563932712
2023-06-15,W3,51.110492681389545,13.441120775045068,14.885900348172804,1033.132530120482,34.751879531375465,51.10562093047428,11.30990152893502,0.1234607391925664
2023-06-16,W3,52.405897588311426,11.671139346496371,16.24300079431901,1033.3333333333333,5.034952696935324,51.501140737299316,11.39612424664391,1.2954049069218811
2023-06-17,W3,52.81480400534071,10.515124391182697,13.822307499716384,1033.5341365461848,5.276525785960262,52.110398091680565,11.065050848734712,0.40890641702928576
2023-06-18,W3,53.5979714063461,4.990487336764973,15.189641625660556,1033.7349397590363,69.20112559466547,52.939557666666076,9.767142436871113,0.783167401005386
2023-06-19,W3,51.419499486355285,0.040370354964678334,15.794309743273956,1033.9357429718875,45.79289944340279,52.61075829934737,8.706453017686757,-2.1784719199908125
2023-06-20,W3,53.11432125888668,3.4816335062285853,15.623837525204204,1034.136546184739,22.65216260361057,52.710597383862684,7.59337217278009,1.694821772531398
2023-06-21,W3,52.636309947457974,2.341320828483373,18.08274064879243,1034.3373493975903,61.39703063252326,52.390043564233316,6.640170934166535,-0.478011311428709
2023-06-22,W3,52.831002158730634,8.981694900218935,15.69214638015149,1034.5381526104418,25.285811825011116,52.86054445502509,6.003110094905659,0.19469221127265968
2023-06-23,W3,53.48557049123948,12.245163015236892,14.293896679085861,1034.7389558232933,57.76317543444226,52.98429419914269,6.085113476154305,0.6545683325088447
2023-06-24,W3,53.64693613168161,34.26170017369616,15.161085765307845,1034.9397590361446,35.92087469826903,53.321169593883916,9.4774814450848,0.16136564044213486
2023-06-25,W3,53.91835936617874,18.781141919343742,13.441922591899846,1035.140562248996,82.3552226611819,53.68362199636661,11.447574956881766,0.2714232344971279
2023-06-26,W3,52.47696519078089,0.13364258447775557,15.10223270295451,1035.3413654618473,82.06961607667793,53.34742022954708,11.46089956109792,-1.4413941753978534
2023-06-27,W3,52.92377025265933,15.446020303306858,14.317507034946605,1035.5421686746988,47.73503981224013,53.106364936539656,13.170097674966245,0.44680506187844315
2023-06-28,W3,55.29267097236845,12.504095390608844,16.036771666065384,1035.74297188755,35.08191093350156,53.56446880526956,14.62192261241274,2.368900719709117
2023-06-29,W3,53.71331218627428,7.471096020953638,14.5457656534533,1035.9437751004016,36.25597965590946,53.97658447043401,14.4061227725177,-1.5793587860941685
2023-06-30,W3,54.360636988511935,1.0097788882481584,14.955587391150258,1036.144578313253,80.57145256682179,54.45554004905156,12.801067897233594,0.6473248022376552
2023-07-01,W3,55.22348810981626,12.549731435685587,14.41698029983062,1036.3453815261043,32.8179482797612,54.43247909486749,9.699358077517799,0.862851121304324
2023-07-02,W3,54.73974118340891,7.7122702573129605,16.774724399178186,1036.5461847389558,20.9059373706846,54.77462209391237,8.118090697227686,-0.48374692640734906
2023-07-03,W3,54.923400838492256,18.725342788264385,14.701125869839293,1036.7469879518071,8.468834187530682,54.962210043905806,10.774047869197204,0.18365965508334625
2023-07-04,W3,55.36497756489033,10.839801497795317,16.844590548932327,1036.9477911646586,46.66931208844084,55.00937319559716,10.116016611266986,0.44157672639807544
2023-07-05,W3,52.44004856581938,18.793030225870165,15.819025998356176,1037.14859437751,48.213209891984185,54.24280898973399,11.014435873447173,-2.92492899907095
2023-07-06,W3,54.14572618290969,4.409673869466082,15.482962113986698,1037.3493975903614,84.09087104029072,53.9835841045398,10.577089851806093,1.7056776170903092
2023-07-07,W3,55.17577037407024,14.514518207282066,15.368832637362743,1037.5502008032129,22.123869644606398,53.920515040933104,12.506338325953793,1.030044191160549
2023-07-08,W3,56.15870606601939,12.344980416974513,15.396284351386937,1037.7510040160641,38.099127366839994,55.16006754099977,12.47708818042364,0.9829356919491516
2023-07-09,W3,54.893360397442436,14.788164596626237,13.080383976509633,1037.9518072289156,80.8405738893691,55.40927894584402,13.487930228896968,-1.2653456685769555
2023-07-10,W3,54.0309667158074,4.293357279450736,14.73792105782007,1038.1526104417671,82.36236107489735,55.027677726423086,11.426218013352159,-0.8623936816350337
2023-07-11,W3,54.09815264634049,43.299890324755474,15.873883142875927,1038.3534136546184,38.46110759787682,54.34082658653011,16.063373560060754,0.06718593053308552
2023-07-12,W3,55.83272719412199,9.96080786113738,14.994913941566208,1038.55421686747,45.91240232866809,54.65394885208996,14.80162750795607,1.7345745477815058
2023-07-13,W3,54.755738862577886,14.856499498126325,13.656862859917249,1038.7550200803212,30.328589084928293,54.895539567680125,16.29403116919325,-1.0769883315441078
2023-07-14,W3,54.98293826670131,6.5408928830363555,15.031033851656417,1038.9558232931727,93.2554878419312,55.1904681078004,15.154941837158146,0.2271994041234251
2023-07-15,W3,55.61374697512799,17.80114050930505,16.812059811527625,1039.1566265060242,11.864376574158031,55.117474701469064,15.934393278919652,0.6308087084266774
2023-07-16,W3,52.097710334710875,1.6860262922270075,16.382476791924372,1039.3574297188754,93.374942300147,54.23146519218005,14.062659235434046,-3.516036640417113
2023-07-17,W3,56.992056698019965,16.143786375823762,15.104309043574533,1039.558232931727,68.38664518353433,54.90117133595294,15.75557767777305,4.89434636330909
2023-07-18,W3,54.24502062087722,17.226392516301814,16.15156793733847,1039.7590361445782,53.15721526867312,54.44492921786935,12.030792276565384,-2.747036077142745
2023-07-19,W3,55.19441134413234,16.345046227336425,14.870473353854836,1039.9598393574297,3.2659060784495875,55.47716288767651,12.942826328879534,0.9493907232551209
2023-07-20,W3,53.21617181941018,10.25452788523552,13.573003137917958,1040.1606425702812,47.55961918220083,54.21853459480658,12.285401812752275,-1.978239524722163
2023-07-21,W3,54.45878589024084,8.767699600615227,14.39531032279908,1040.3614457831325,40.774810500273226,54.289789684594446,12.603517058120687,1.2426140708306619
2023-07-22,W3,56.078601291790825,49.92524573049754,16.928546585645034,1040.562248995984,16.121881197512256,54.584519667147276,17.19267494686247,1.6198154015499853
2023-07-23,W3,52.862536849867595,4.583439024283242,15.140496948573205,1040.7630522088352,65.6409603500657,54.46664134396642,17.60659105144193,-3.21606444192323
2023-07-24,W3,55.84198847387677,10.937519317520891,15.222857879655068,1040.9638554216867,97.11509073682858,54.92770887184506,16.862838614541523,2.9794516240091724
2023-07-25,W3,54.371571682224236,13.41351050764651,15.221042156116543,1041.1646586345382,56.218881106452514,54.35869900198953,16.318141184733623,-1.4704167916525321
2023-07-26,W3,55.05442037085588,14.01735271722864,17.482507311478614,1041.3654618473895,71.47532764439458,55.08932684231896,15.98561354043251,0.682848688631644
2023-07-27,W3,55.13940306333096,4.080493314771574,17.264635278551093,1041.566265060241,6.845045256601678,54.85513170547036,15.103608601794804,0.08498269247508006
2023-07-28,W3,54.83069512014142,13.079881846796024,17.92053911280968,1041.7670682730923,41.76669958169947,55.00817285144276,15.71963463696349,-0.308707943189539
2023-07-29,W3,53.424639531886136,16.367391329626745,15.608532895093905,1041.9678714859438,11.635848516449588,54.46491257178618,10.92565543683909,-1.4060555882552848
2023-07-30,W3,53.81843994744603,1.0003715364222443,16.131716622928288,1042.1686746987953,61.27958355365104,54.02459153315786,10.41378865285895,0.39380041555989465
2023-07-31,W3,52.60808608615217,18.23042586650633,14.390614792804179,1042.3694779116465,93.84821582141547,53.283721855161446,11.455632445571153,-1.2103538612938607
2023-08-01,W3,54.441528813320744,0.5900811029041186,17.45796284452713,1042.570281124498,66.17777324716386,53.62268494897298,9.623713959179383,1.833442727168574
2023-08-02,W3,55.52550827674756,7.119420649767887,14.889578841080231,1042.7710843373493,7.680304831442153,54.19170772540682,8.638295092399273,1.0839794634268145
2023-08-03,W3,51.866566945450366,0.31626392465924136,16.352974228158825,1042.9718875502008,35.466620498508284,53.94453467850622,8.100548036668942,-3.658941331297193
2023-08-04,W3,52.79096429306112,1.5429033707916373,15.120196508954997,1043.1726907630523,55.066337944085156,53.394346505086354,6.4524082543826,0.924397347610757
2023-08-05,W3,53.226708136453624,18.22336570360158,15.712340917862198,1043.3734939759036,40.320775613325225,52.62807979165504,6.7175474506647195,0.43574384339250116
2023-08-06,W3,53.43220132282041,7.0972166149229565,15.550009059664907,1043.574297188755,83.36440104751723,53.14995791744506,7.588525319021964,0.20549318636678748
2023-08-07,W3,53.983157252865496,8.495430608501058,15.867760217068781,1043.7751004016063,81.46710047099891,53.54735557071317,6.197811710735498,0.5509559300450846
2023-08-08,W3,52.7918963561038,4.306887627651053,16.027120740783513,1043.9759036144578,61.183102010322145,53.402418310596566,6.72878407141363,-1.1912608967616976
2023-08-09,W3,52.46350516734625,41.9419154037344,16.11076890384294,1044.1767068273093,37.345794513270526,53.07951959210518,11.703426179123133,-0.3283911887575499
2023-08-10,W3,53.71347982571993,11.896064293555792,17.587293071501144,1044.3775100401606,25.533637376324414,52.98962711638999,13.357683374679782,1.2499746583736808
2023-08-11,W3,53.0990203058061,7.444007836504385,15.746084596796123,1044.578313253012,10.587431821312931,53.092001766290764,14.200698298353032,-0.6144595199138294
2023-08-12,W3,52.79874824014358,6.660697436107967,17.170482063341534,1044.7791164658634,35.4897683486554,53.2037494572232,12.548888545853943,-0.30027206566251863
2023-08-13,W3,52.19138725961626,17.699286163611756,18.268835021976546,1044.9799196787149,41.31725172077195,52.696385268521986,14.063469909952344,-0.6073609805273179
2023-08-14,W3,52.87777252862368,7.6656847928440275,16.640492459446275,1045.1807228915663,67.58229251040736,52.62263600946117,13.944934793429912,0.6863852690074168
2023-08-15,W3,51.05100431690981,9.870019843088166,16.54039514696358,1045.3815261044176,65.81598242975734,52.04005470171659,14.739667967063784,-1.826768211713869
2023-08-16,W3,50.72455949911065,5.666095248498612,17.13416027038879,1045.5823293172691,7.0108139641256955,51.55111211488137,9.557407944887244,-0.3264448177991639
2023-08-17,W3,52.070848026168754,15.735390067142546,18.652458879077805,1045.7831325301204,39.525931543115775,51.282137280729735,10.105883055399635,1.3462885270581069
2023-08-18,W3,49.50506796090899,7.948963137981833,17.77649919895487,1045.9839357429719,18.177886721736193,50.766825162062794,10.178019527039272,-2.5657800652597658
2023-08-19,W3,51.02581785674508,10.27222093088649,17.162374473125375,1046.1847389558234,15.68127053168057,50.86724461460761,10.693951454864775,1.52074989583609
2023-08-20,W3,50.419108770169025,5.067143401193228,18.290131121329214,1046.3855421686746,82.73021497372459,50.316664862607695,8.889359631662128,-0.6067090865760534
2023-08-21,W3,49.13075478583452,19.753191846825036,16.818024790616967,1046.5863453815261,4.191521671625753,50.19189380424954,10.616146353659417,-1.2883539843345062
2023-08-22,W3,49.405219123153046,5.829914818474458,18.717063065011278,1046.7871485943774,41.91828759021213,49.65169422638553,10.038988493000316,0.27446433731852693
2023-08-23,W3,50.02694515816073,15.414850618111034,18.56094815299798,1046.987951807229,16.82036557665182,49.52097302238277,11.431667831516375,0.6217260350076828
2023-08-24,W3,50.96909985971799,8.549913007135183,17.96234607799682,1047.1887550200804,87.9330215678474,50.13375471367726,10.40517110865818,0.9421547015572642
2023-08-25,W3,49.08149856735819,4.124348101682798,17.550483855110574,1047.3895582329317,55.704051327503514,50.02584786174564,9.858797532044033,-1.887601292359804
2023-08-26,W3,50.74758614532166,15.994375279297223,17.622329522483213,1047.5903614457832,23.1380636376848,50.26606152413262,10.676248153245567,1.6660875779634736
2023-08-27,W3,49.39788332935508,6.672135780580863,19.164717892252877,1047.7911646586344,50.24272871663764,49.74232268067831,10.90553277887237,-1.3497028159665803
2023-08-28,W3,50.44666105672784,17.303866947956223,19.980643518176027,1047.991967871486,73.14863597031159,50.19737684380153,10.555629221891111,1.0487777273727588
2023-08-29,W3,48.33474989149317,18.30514369835646,18.236912550357733,1048.1927710843374,95.81180089194338,49.39309809252537,12.337804776159969,-2.111911165234673
2023-08-30,W3,48.69510770115446,17.196476707825518,19.455881071770225,1048.3935742971887,22.044600424541894,49.15883954979182,12.592322788976324,0.36035780966129494
2023-08-31,W3,48.91910231648324,0.700158296136113,17.034379720411675,1048.5943775100402,88.61817721293451,48.64965330304363,11.470929258833602,0.2239946153287775
2023-09-01,W3,48.18014703415816,15.747466900102111,18.66126078353593,1048.7951807228915,93.43041141674902,48.59811901726528,13.131374801464931,-0.7389552823250796
2023-09-02,W3,49.12436574326482,8.226789329982878,19.339771509132245,1048.995983935743,91.64205445320663,48.74120503130208,12.021719665848595,0.9442187091066572
2023-09-03,W3,45.77841097511953,17.4744584036445,18.58649954799282,1049.1967871485945,63.54143568619099,47.69430791751417,13.564908612000542,-3.3459547681452904
2023-09-04,W3,50.226261282420246,12.759085253694774,18.68534989578812,1049.3975903614457,62.982065443470766,48.3763460002682,12.915654084248908,4.447850307300719
2023-09-05,W3,48.48305302881369,16.672862682879167,19.079990785569716,1049.5983935742972,40.32106331838228,48.16257509545115,12.682471082037866,-1.7432082536065536
2023-09-06,W3,47.276998890522194,9.988635397336708,20.166037737613248,1049.7991967871485,75.23978823037879,48.66210440058538,11.652779466253751,-1.206054138291499
2023-09-07,W3,46.72757277197581,10.700510091978657,19.812670981593627,1050.0,53.12940183509319,47.4958748971039,13.081401151374113,-0.5494261185463856
